mode: set
project-management-platform/internal/config/config.go:59.30,63.76 2 0
project-management-platform/internal/config/config.go:63.76,66.3 1 0
project-management-platform/internal/config/config.go:69.2,69.67 1 0
project-management-platform/internal/config/config.go:69.67,72.3 1 0
project-management-platform/internal/config/config.go:72.23,74.3 1 0
project-management-platform/internal/config/config.go:77.2,85.45 2 0
project-management-platform/internal/config/config.go:85.45,86.46 1 0
project-management-platform/internal/config/config.go:86.46,88.4 1 0
project-management-platform/internal/config/config.go:92.2,96.49 3 0
project-management-platform/internal/config/config.go:96.49,98.3 1 0
project-management-platform/internal/config/config.go:100.2,100.21 1 0
project-management-platform/internal/config/config.go:104.34,130.35 2 0
project-management-platform/internal/config/config.go:130.35,131.21 1 0
project-management-platform/internal/config/config.go:131.21,133.4 1 0
project-management-platform/internal/config/config.go:138.35,140.124 1 0
project-management-platform/internal/config/config.go:140.124,142.3 1 0
project-management-platform/internal/config/config.go:144.2,144.12 1 0
project-management-platform/internal/logger/logger.go:28.29,36.2 1 0
project-management-platform/internal/logger/logger.go:39.33,41.22 2 0
project-management-platform/internal/logger/logger.go:42.15,43.26 1 0
project-management-platform/internal/logger/logger.go:44.14,45.25 1 0
project-management-platform/internal/logger/logger.go:46.14,47.25 1 0
project-management-platform/internal/logger/logger.go:48.15,49.26 1 0
project-management-platform/internal/logger/logger.go:50.10,51.25 1 0
project-management-platform/internal/logger/logger.go:54.2,55.23 2 0
project-management-platform/internal/logger/logger.go:56.16,57.21 1 0
project-management-platform/internal/logger/logger.go:58.16,59.21 1 0
project-management-platform/internal/logger/logger.go:60.10,61.21 1 0
project-management-platform/internal/logger/logger.go:64.2,67.61 1 0
project-management-platform/internal/logger/logger.go:67.61,69.29 1 0
project-management-platform/internal/logger/logger.go:69.29,70.47 1 0
project-management-platform/internal/logger/logger.go:70.47,72.6 1 0
project-management-platform/internal/logger/logger.go:74.4,74.12 1 0
project-management-platform/internal/logger/logger.go:78.2,79.23 2 0
project-management-platform/internal/logger/logger.go:80.14,81.46 1 0
project-management-platform/internal/logger/logger.go:82.14,83.46 1 0
project-management-platform/internal/logger/logger.go:84.10,85.46 1 0
project-management-platform/internal/logger/logger.go:88.2,90.3 1 0
project-management-platform/internal/logger/logger.go:94.59,96.60 1 0
project-management-platform/internal/logger/logger.go:96.60,100.3 1 0
project-management-platform/internal/logger/logger.go:101.2,101.10 1 0
project-management-platform/internal/logger/logger.go:105.58,109.2 1 0
project-management-platform/internal/logger/logger.go:112.52,116.2 1 0
project-management-platform/internal/logger/logger.go:119.58,123.2 1 0
project-management-platform/internal/logger/logger.go:126.47,130.2 1 0
project-management-platform/internal/logger/logger.go:133.85,146.61 2 0
project-management-platform/internal/logger/logger.go:146.61,148.3 1 0
project-management-platform/internal/logger/logger.go:151.2,151.52 1 0
project-management-platform/internal/logger/logger.go:151.52,153.3 1 0
project-management-platform/internal/logger/logger.go:156.2,156.34 1 0
project-management-platform/internal/logger/logger.go:156.34,158.3 1 0
project-management-platform/internal/logger/logger.go:161.2,161.23 1 0
project-management-platform/internal/logger/logger.go:161.23,163.3 1 0
project-management-platform/internal/logger/logger.go:163.8,163.30 1 0
project-management-platform/internal/logger/logger.go:163.30,165.3 1 0
project-management-platform/internal/logger/logger.go:165.8,167.3 1 0
project-management-platform/internal/logger/logger.go:171.110,178.18 2 0
project-management-platform/internal/logger/logger.go:178.18,180.3 1 0
project-management-platform/internal/logger/logger.go:181.2,181.17 1 0
project-management-platform/internal/logger/logger.go:181.17,183.3 1 0
project-management-platform/internal/logger/logger.go:186.2,186.34 1 0
project-management-platform/internal/logger/logger.go:186.34,188.3 1 0
project-management-platform/internal/logger/logger.go:190.2,190.13 1 0
project-management-platform/internal/logger/logger.go:190.13,192.3 1 0
project-management-platform/internal/logger/logger.go:192.8,194.3 1 0
project-management-platform/internal/logger/logger.go:198.119,206.34 2 0
project-management-platform/internal/logger/logger.go:206.34,208.3 1 0
project-management-platform/internal/logger/logger.go:210.2,210.16 1 0
project-management-platform/internal/logger/logger.go:210.16,213.3 2 0
project-management-platform/internal/logger/logger.go:213.8,215.3 1 0
project-management-platform/internal/logger/logger.go:219.90,227.16 2 0
project-management-platform/internal/logger/logger.go:227.16,230.3 2 0
project-management-platform/internal/logger/logger.go:230.8,232.3 1 0
project-management-platform/internal/logger/logger.go:236.89,244.34 2 0
project-management-platform/internal/logger/logger.go:244.34,246.3 1 0
project-management-platform/internal/logger/logger.go:248.2,248.37 1 0
project-management-platform/internal/logger/logger.go:252.99,259.34 2 0
project-management-platform/internal/logger/logger.go:259.34,261.3 1 0
project-management-platform/internal/logger/logger.go:264.2,264.30 1 0
project-management-platform/internal/logger/logger.go:264.30,266.3 1 0
project-management-platform/internal/logger/logger.go:266.8,268.3 1 0
project-management-platform/internal/logger/logger.go:272.73,278.34 2 0
project-management-platform/internal/logger/logger.go:278.34,280.3 1 0
project-management-platform/internal/logger/logger.go:282.2,282.37 1 0
project-management-platform/internal/errors/errors.go:42.35,43.28 1 0
project-management-platform/internal/errors/errors.go:43.28,45.3 1 0
project-management-platform/internal/errors/errors.go:46.2,46.49 1 0
project-management-platform/internal/errors/errors.go:50.35,52.2 1 0
project-management-platform/internal/errors/errors.go:55.62,62.2 1 0
project-management-platform/internal/errors/errors.go:65.87,73.2 1 0
project-management-platform/internal/errors/errors.go:99.46,101.29 2 0
project-management-platform/internal/errors/errors.go:101.29,103.3 1 0
project-management-platform/internal/errors/errors.go:104.2,104.19 1 0
project-management-platform/internal/errors/errors.go:108.39,109.39 1 0
project-management-platform/internal/errors/errors.go:109.39,111.3 1 0
project-management-platform/internal/errors/errors.go:112.2,112.12 1 0
project-management-platform/internal/errors/errors.go:116.54,117.39 1 0
project-management-platform/internal/errors/errors.go:117.39,119.3 1 0
project-management-platform/internal/errors/errors.go:120.2,120.56 1 0
project-management-platform/internal/errors/errors.go:126.50,128.2 1 0
project-management-platform/internal/errors/errors.go:131.51,133.2 1 0
project-management-platform/internal/errors/errors.go:136.53,138.2 1 0
project-management-platform/internal/errors/errors.go:141.50,143.2 1 0
project-management-platform/internal/errors/errors.go:146.64,147.23 1 0
project-management-platform/internal/errors/errors.go:147.23,149.3 1 0
project-management-platform/internal/errors/errors.go:150.2,150.78 1 0
project-management-platform/internal/errors/errors.go:154.44,156.2 1 0
project-management-platform/internal/models/activity.go:66.111,77.2 1 1
project-management-platform/internal/models/activity.go:80.110,85.2 4 1
project-management-platform/internal/models/activity.go:88.103,92.2 3 0
project-management-platform/internal/models/activity.go:95.98,97.2 1 0
project-management-platform/internal/models/activity.go:100.124,105.2 4 0
project-management-platform/internal/models/activity.go:108.37,109.18 1 0
project-management-platform/internal/models/activity.go:109.18,111.3 1 0
project-management-platform/internal/models/activity.go:113.2,113.34 1 0
project-management-platform/internal/models/activity.go:113.34,115.3 1 0
project-management-platform/internal/models/activity.go:117.2,117.24 1 0
project-management-platform/internal/models/activity.go:117.24,119.3 1 0
project-management-platform/internal/models/activity.go:121.2,121.38 1 0
project-management-platform/internal/models/activity.go:121.38,123.3 1 0
project-management-platform/internal/models/activity.go:125.2,125.25 1 0
project-management-platform/internal/models/activity.go:125.25,127.3 1 0
project-management-platform/internal/models/activity.go:129.2,129.23 1 0
project-management-platform/internal/models/activity.go:129.23,131.3 1 0
project-management-platform/internal/models/activity.go:133.2,133.28 1 0
project-management-platform/internal/models/activity.go:133.28,135.3 1 0
project-management-platform/internal/models/activity.go:138.2,138.22 1 0
project-management-platform/internal/models/activity.go:139.22,140.45 1 0
project-management-platform/internal/models/activity.go:140.45,142.4 1 0
project-management-platform/internal/models/activity.go:143.3,143.43 1 0
project-management-platform/internal/models/activity.go:143.43,145.4 1 0
project-management-platform/internal/models/activity.go:146.23,147.45 1 0
project-management-platform/internal/models/activity.go:147.45,149.4 1 0
project-management-platform/internal/models/activity.go:150.25,151.45 1 0
project-management-platform/internal/models/activity.go:151.45,153.4 1 0
project-management-platform/internal/models/activity.go:154.3,154.43 1 0
project-management-platform/internal/models/activity.go:154.43,156.4 1 0
project-management-platform/internal/models/activity.go:159.2,159.12 1 0
project-management-platform/internal/models/activity.go:163.45,165.16 2 0
project-management-platform/internal/models/activity.go:165.16,167.3 1 0
project-management-platform/internal/models/activity.go:169.2,171.16 3 0
project-management-platform/internal/models/activity.go:171.16,173.3 1 0
project-management-platform/internal/models/activity.go:175.2,175.21 1 0
project-management-platform/internal/models/activity.go:179.48,181.16 2 0
project-management-platform/internal/models/activity.go:181.16,183.3 1 0
project-management-platform/internal/models/activity.go:185.2,186.16 2 0
project-management-platform/internal/models/activity.go:186.16,188.3 1 0
project-management-platform/internal/models/activity.go:190.2,190.12 1 0
project-management-platform/internal/models/activity.go:194.59,195.19 1 1
project-management-platform/internal/models/activity.go:195.19,197.3 1 0
project-management-platform/internal/models/activity.go:198.2,198.21 1 1
project-management-platform/internal/models/activity.go:202.60,203.19 1 1
project-management-platform/internal/models/activity.go:203.19,205.3 1 0
project-management-platform/internal/models/activity.go:206.2,207.22 2 1
project-management-platform/internal/models/activity.go:211.100,216.2 4 0
project-management-platform/internal/models/activity.go:219.105,223.2 3 0
project-management-platform/internal/models/activity.go:226.90,230.2 3 0
project-management-platform/internal/models/activity.go:233.89,236.2 2 0
project-management-platform/internal/models/activity.go:239.42,241.2 1 1
project-management-platform/internal/models/activity.go:244.43,246.2 1 0
project-management-platform/internal/models/activity.go:249.47,251.2 1 0
project-management-platform/internal/models/activity.go:254.45,256.2 1 0
project-management-platform/internal/models/activity.go:259.52,270.39 2 0
project-management-platform/internal/models/activity.go:270.39,271.32 1 0
project-management-platform/internal/models/activity.go:271.32,273.4 1 0
project-management-platform/internal/models/activity.go:276.2,276.14 1 0
project-management-platform/internal/models/activity.go:280.48,285.39 2 0
project-management-platform/internal/models/activity.go:285.39,286.30 1 0
project-management-platform/internal/models/activity.go:286.30,288.4 1 0
project-management-platform/internal/models/activity.go:291.2,291.14 1 0
project-management-platform/internal/models/board.go:63.91,118.2 3 1
project-management-platform/internal/models/board.go:121.34,122.18 1 0
project-management-platform/internal/models/board.go:122.18,124.3 1 0
project-management-platform/internal/models/board.go:126.2,126.23 1 0
project-management-platform/internal/models/board.go:126.23,128.3 1 0
project-management-platform/internal/models/board.go:130.2,130.30 1 0
project-management-platform/internal/models/board.go:130.30,132.3 1 0
project-management-platform/internal/models/board.go:134.2,134.28 1 0
project-management-platform/internal/models/board.go:134.28,136.3 1 0
project-management-platform/internal/models/board.go:138.2,138.26 1 0
project-management-platform/internal/models/board.go:138.26,140.3 1 0
project-management-platform/internal/models/board.go:143.2,144.35 2 0
project-management-platform/internal/models/board.go:144.35,145.22 1 0
project-management-platform/internal/models/board.go:145.22,147.4 1 0
project-management-platform/internal/models/board.go:149.3,149.27 1 0
project-management-platform/internal/models/board.go:149.27,151.4 1 0
project-management-platform/internal/models/board.go:152.3,154.24 2 0
project-management-platform/internal/models/board.go:154.24,156.4 1 0
project-management-platform/internal/models/board.go:158.3,158.28 1 0
project-management-platform/internal/models/board.go:158.28,160.4 1 0
project-management-platform/internal/models/board.go:162.3,162.38 1 0
project-management-platform/internal/models/board.go:162.38,164.4 1 0
project-management-platform/internal/models/board.go:166.3,166.26 1 0
project-management-platform/internal/models/board.go:166.26,168.4 1 0
project-management-platform/internal/models/board.go:171.2,171.12 1 0
project-management-platform/internal/models/board.go:175.43,176.39 1 0
project-management-platform/internal/models/board.go:176.39,178.3 1 0
project-management-platform/internal/models/board.go:180.2,180.30 1 0
project-management-platform/internal/models/board.go:180.30,182.3 1 0
project-management-platform/internal/models/board.go:184.2,184.12 1 0
project-management-platform/internal/models/board.go:188.42,190.16 2 0
project-management-platform/internal/models/board.go:190.16,192.3 1 0
project-management-platform/internal/models/board.go:194.2,196.16 3 0
project-management-platform/internal/models/board.go:196.16,198.3 1 0
project-management-platform/internal/models/board.go:200.2,200.21 1 0
project-management-platform/internal/models/board.go:204.45,206.16 2 0
project-management-platform/internal/models/board.go:206.16,208.3 1 0
project-management-platform/internal/models/board.go:210.2,211.16 2 0
project-management-platform/internal/models/board.go:211.16,213.3 1 0
project-management-platform/internal/models/board.go:215.2,215.12 1 0
project-management-platform/internal/models/board.go:219.91,220.16 1 1
project-management-platform/internal/models/board.go:220.16,222.3 1 0
project-management-platform/internal/models/board.go:224.2,224.20 1 1
project-management-platform/internal/models/board.go:224.20,226.3 1 0
project-management-platform/internal/models/board.go:228.2,228.36 1 1
project-management-platform/internal/models/board.go:228.36,230.3 1 1
project-management-platform/internal/models/board.go:233.2,234.32 2 1
project-management-platform/internal/models/board.go:234.32,235.33 1 1
project-management-platform/internal/models/board.go:235.33,237.4 1 1
project-management-platform/internal/models/board.go:240.2,253.12 4 1
project-management-platform/internal/models/board.go:257.53,258.20 1 1
project-management-platform/internal/models/board.go:258.20,260.3 1 0
project-management-platform/internal/models/board.go:262.2,262.35 1 1
project-management-platform/internal/models/board.go:262.35,263.28 1 1
project-management-platform/internal/models/board.go:263.28,267.4 3 1
project-management-platform/internal/models/board.go:270.2,270.53 1 1
project-management-platform/internal/models/board.go:274.104,275.20 1 0
project-management-platform/internal/models/board.go:275.20,277.3 1 0
project-management-platform/internal/models/board.go:279.2,279.35 1 0
project-management-platform/internal/models/board.go:279.35,280.28 1 0
project-management-platform/internal/models/board.go:280.28,281.18 1 0
project-management-platform/internal/models/board.go:281.18,282.23 1 0
project-management-platform/internal/models/board.go:282.23,284.6 1 0
project-management-platform/internal/models/board.go:285.5,285.29 1 0
project-management-platform/internal/models/board.go:288.4,288.24 1 0
project-management-platform/internal/models/board.go:288.24,289.39 1 0
project-management-platform/internal/models/board.go:289.39,291.6 1 0
project-management-platform/internal/models/board.go:292.5,292.35 1 0
project-management-platform/internal/models/board.go:295.4,295.23 1 0
project-management-platform/internal/models/board.go:295.23,297.5 1 0
project-management-platform/internal/models/board.go:299.4,301.14 3 0
project-management-platform/internal/models/board.go:305.2,305.53 1 0
project-management-platform/internal/models/board.go:309.66,310.35 1 1
project-management-platform/internal/models/board.go:310.35,311.28 1 1
project-management-platform/internal/models/board.go:311.28,313.4 1 0
project-management-platform/internal/models/board.go:315.2,315.58 1 1
project-management-platform/internal/models/board.go:319.60,320.40 1 0
project-management-platform/internal/models/board.go:320.40,322.3 1 0
project-management-platform/internal/models/board.go:325.2,326.35 2 0
project-management-platform/internal/models/board.go:326.35,328.3 1 0
project-management-platform/internal/models/board.go:331.2,332.39 2 0
project-management-platform/internal/models/board.go:332.39,334.14 2 0
project-management-platform/internal/models/board.go:334.14,336.4 1 0
project-management-platform/internal/models/board.go:337.3,338.42 2 0
project-management-platform/internal/models/board.go:341.2,344.12 3 0
project-management-platform/internal/models/board.go:348.48,358.39 2 1
project-management-platform/internal/models/board.go:358.39,359.30 1 1
project-management-platform/internal/models/board.go:359.30,361.4 1 1
project-management-platform/internal/models/board.go:364.2,364.14 1 1
project-management-platform/internal/models/comment.go:40.79,53.2 2 1
project-management-platform/internal/models/comment.go:56.87,60.2 3 1
project-management-platform/internal/models/comment.go:63.36,64.21 1 0
project-management-platform/internal/models/comment.go:64.21,66.3 1 0
project-management-platform/internal/models/comment.go:68.2,68.27 1 0
project-management-platform/internal/models/comment.go:68.27,70.3 1 0
project-management-platform/internal/models/comment.go:72.2,72.23 1 0
project-management-platform/internal/models/comment.go:72.23,74.3 1 0
project-management-platform/internal/models/comment.go:76.2,76.25 1 0
project-management-platform/internal/models/comment.go:76.25,78.3 1 0
project-management-platform/internal/models/comment.go:81.2,81.43 1 0
project-management-platform/internal/models/comment.go:81.43,82.32 1 0
project-management-platform/internal/models/comment.go:82.32,84.4 1 0
project-management-platform/internal/models/comment.go:86.3,86.27 1 0
project-management-platform/internal/models/comment.go:86.27,88.4 1 0
project-management-platform/internal/models/comment.go:90.3,90.26 1 0
project-management-platform/internal/models/comment.go:90.26,92.4 1 0
project-management-platform/internal/models/comment.go:94.3,94.37 1 0
project-management-platform/internal/models/comment.go:94.37,96.4 1 0
project-management-platform/internal/models/comment.go:99.2,99.12 1 0
project-management-platform/internal/models/comment.go:103.45,104.46 1 0
project-management-platform/internal/models/comment.go:104.46,106.3 1 0
project-management-platform/internal/models/comment.go:108.2,108.12 1 0
project-management-platform/internal/models/comment.go:112.44,114.16 2 0
project-management-platform/internal/models/comment.go:114.16,116.3 1 0
project-management-platform/internal/models/comment.go:118.2,120.16 3 0
project-management-platform/internal/models/comment.go:120.16,122.3 1 0
project-management-platform/internal/models/comment.go:124.2,124.21 1 0
project-management-platform/internal/models/comment.go:128.47,130.16 2 0
project-management-platform/internal/models/comment.go:130.16,132.3 1 0
project-management-platform/internal/models/comment.go:134.2,135.16 2 0
project-management-platform/internal/models/comment.go:135.16,137.3 1 0
project-management-platform/internal/models/comment.go:139.2,139.12 1 0
project-management-platform/internal/models/comment.go:143.58,144.22 1 1
project-management-platform/internal/models/comment.go:144.22,146.3 1 0
project-management-platform/internal/models/comment.go:148.2,148.28 1 1
project-management-platform/internal/models/comment.go:148.28,150.3 1 0
project-management-platform/internal/models/comment.go:153.2,153.21 1 1
project-management-platform/internal/models/comment.go:153.21,158.3 1 1
project-management-platform/internal/models/comment.go:160.2,163.12 3 1
project-management-platform/internal/models/comment.go:167.63,168.21 1 1
project-management-platform/internal/models/comment.go:168.21,170.3 1 0
project-management-platform/internal/models/comment.go:173.2,173.37 1 1
project-management-platform/internal/models/comment.go:173.37,174.24 1 1
project-management-platform/internal/models/comment.go:174.24,176.4 1 1
project-management-platform/internal/models/comment.go:179.2,181.12 3 1
project-management-platform/internal/models/comment.go:185.66,186.21 1 0
project-management-platform/internal/models/comment.go:186.21,188.3 1 0
project-management-platform/internal/models/comment.go:190.2,190.37 1 0
project-management-platform/internal/models/comment.go:190.37,191.24 1 0
project-management-platform/internal/models/comment.go:191.24,195.4 3 0
project-management-platform/internal/models/comment.go:198.2,198.60 1 0
project-management-platform/internal/models/comment.go:202.83,203.20 1 0
project-management-platform/internal/models/comment.go:203.20,205.3 1 0
project-management-platform/internal/models/comment.go:207.2,207.15 1 0
project-management-platform/internal/models/comment.go:207.15,209.3 1 0
project-management-platform/internal/models/comment.go:211.2,211.14 1 0
project-management-platform/internal/models/comment.go:211.14,213.3 1 0
project-management-platform/internal/models/comment.go:215.2,215.25 1 0
project-management-platform/internal/models/comment.go:215.25,217.3 1 0
project-management-platform/internal/models/comment.go:219.2,229.12 4 0
project-management-platform/internal/models/comment.go:233.59,234.20 1 0
project-management-platform/internal/models/comment.go:234.20,236.3 1 0
project-management-platform/internal/models/comment.go:238.2,238.43 1 0
project-management-platform/internal/models/comment.go:238.43,239.38 1 0
project-management-platform/internal/models/comment.go:239.38,243.4 3 0
project-management-platform/internal/models/comment.go:246.2,246.57 1 0
project-management-platform/internal/models/comment.go:250.63,251.37 1 1
project-management-platform/internal/models/comment.go:251.37,252.24 1 1
project-management-platform/internal/models/comment.go:252.24,254.4 1 1
project-management-platform/internal/models/comment.go:256.2,256.14 1 0
project-management-platform/internal/models/comment.go:260.34,262.2 1 1
project-management-platform/internal/models/comment.go:265.35,267.2 1 1
project-management-platform/internal/models/comment.go:270.44,272.2 1 0
project-management-platform/internal/models/comment.go:275.41,277.2 1 0
project-management-platform/internal/models/field_demo.go:11.35,24.39 7 1
project-management-platform/internal/models/field_demo.go:24.39,26.3 1 1
project-management-platform/internal/models/field_demo.go:29.2,35.16 3 1
project-management-platform/internal/models/field_demo.go:35.16,38.3 2 0
project-management-platform/internal/models/field_demo.go:39.2,45.16 3 1
project-management-platform/internal/models/field_demo.go:45.16,48.3 2 0
project-management-platform/internal/models/field_demo.go:49.2,55.16 3 1
project-management-platform/internal/models/field_demo.go:55.16,58.3 2 0
project-management-platform/internal/models/field_demo.go:59.2,67.16 3 1
project-management-platform/internal/models/field_demo.go:67.16,70.3 2 0
project-management-platform/internal/models/field_demo.go:71.2,75.39 3 1
project-management-platform/internal/models/field_demo.go:75.39,77.3 1 1
project-management-platform/internal/models/field_demo.go:80.2,91.16 6 1
project-management-platform/internal/models/field_demo.go:91.16,94.3 2 0
project-management-platform/internal/models/field_demo.go:97.2,99.16 3 1
project-management-platform/internal/models/field_demo.go:99.16,102.3 2 0
project-management-platform/internal/models/field_demo.go:105.2,107.16 3 1
project-management-platform/internal/models/field_demo.go:107.16,110.3 2 0
project-management-platform/internal/models/field_demo.go:113.2,115.16 3 1
project-management-platform/internal/models/field_demo.go:115.16,118.3 2 0
project-management-platform/internal/models/field_demo.go:121.2,123.16 3 1
project-management-platform/internal/models/field_demo.go:123.16,126.3 2 0
project-management-platform/internal/models/field_demo.go:128.2,135.16 4 1
project-management-platform/internal/models/field_demo.go:135.16,138.3 2 0
project-management-platform/internal/models/field_demo.go:140.2,141.16 2 1
project-management-platform/internal/models/field_demo.go:141.16,144.3 2 0
project-management-platform/internal/models/field_demo.go:146.2,147.16 2 1
project-management-platform/internal/models/field_demo.go:147.16,150.3 2 0
project-management-platform/internal/models/field_demo.go:152.2,153.16 2 1
project-management-platform/internal/models/field_demo.go:153.16,156.3 2 0
project-management-platform/internal/models/field_demo.go:158.2,164.29 4 1
project-management-platform/internal/models/field_demo.go:164.29,166.40 2 1
project-management-platform/internal/models/field_demo.go:166.40,167.62 1 1
project-management-platform/internal/models/field_demo.go:167.62,169.5 1 1
project-management-platform/internal/models/field_demo.go:169.10,171.5 1 1
project-management-platform/internal/models/field_demo.go:176.2,192.31 4 1
project-management-platform/internal/models/field_demo.go:192.31,194.17 2 1
project-management-platform/internal/models/field_demo.go:194.17,196.4 1 0
project-management-platform/internal/models/field_demo.go:196.9,198.4 1 1
project-management-platform/internal/models/field_demo.go:202.2,214.38 3 1
project-management-platform/internal/models/field_demo.go:214.38,216.17 2 1
project-management-platform/internal/models/field_demo.go:216.17,218.4 1 1
project-management-platform/internal/models/field_demo.go:218.9,220.4 1 0
project-management-platform/internal/models/field_demo.go:224.2,236.36 3 1
project-management-platform/internal/models/field_demo.go:236.36,238.17 2 1
project-management-platform/internal/models/field_demo.go:238.17,240.4 1 0
project-management-platform/internal/models/field_demo.go:240.9,242.4 1 1
project-management-platform/internal/models/field_demo.go:246.2,250.16 3 1
project-management-platform/internal/models/field_demo.go:250.16,252.3 1 0
project-management-platform/internal/models/field_demo.go:252.8,254.3 1 1
project-management-platform/internal/models/field_demo.go:257.2,258.16 2 1
project-management-platform/internal/models/field_demo.go:258.16,260.3 1 0
project-management-platform/internal/models/field_demo.go:260.8,263.3 2 1
project-management-platform/internal/models/field_demo.go:265.2,265.40 1 1
project-management-platform/internal/models/field_types.go:43.42,45.2 1 1
project-management-platform/internal/models/field_types.go:48.122,49.18 1 1
project-management-platform/internal/models/field_types.go:49.18,51.3 1 1
project-management-platform/internal/models/field_types.go:53.2,53.19 1 1
project-management-platform/internal/models/field_types.go:54.23,55.49 1 1
project-management-platform/internal/models/field_types.go:56.25,57.51 1 1
project-management-platform/internal/models/field_types.go:58.21,59.47 1 1
project-management-platform/internal/models/field_types.go:60.21,61.47 1 1
project-management-platform/internal/models/field_types.go:62.23,63.49 1 1
project-management-platform/internal/models/field_types.go:64.23,65.49 1 1
project-management-platform/internal/models/field_types.go:66.10,67.61 1 1
project-management-platform/internal/models/field_types.go:72.105,74.9 2 1
project-management-platform/internal/models/field_types.go:74.9,76.3 1 1
project-management-platform/internal/models/field_types.go:78.2,78.20 1 1
project-management-platform/internal/models/field_types.go:78.20,80.3 1 1
project-management-platform/internal/models/field_types.go:83.2,83.52 1 1
project-management-platform/internal/models/field_types.go:83.52,84.53 1 1
project-management-platform/internal/models/field_types.go:84.53,85.39 1 1
project-management-platform/internal/models/field_types.go:85.39,86.70 1 1
project-management-platform/internal/models/field_types.go:86.70,88.6 1 1
project-management-platform/internal/models/field_types.go:90.4,90.60 1 1
project-management-platform/internal/models/field_types.go:95.2,96.40 2 1
project-management-platform/internal/models/field_types.go:96.40,97.25 1 1
project-management-platform/internal/models/field_types.go:97.25,99.4 1 0
project-management-platform/internal/models/field_types.go:102.2,102.58 1 1
project-management-platform/internal/models/field_types.go:106.107,108.9 2 1
project-management-platform/internal/models/field_types.go:108.9,110.3 1 0
project-management-platform/internal/models/field_types.go:112.2,112.20 1 1
project-management-platform/internal/models/field_types.go:112.20,114.3 1 0
project-management-platform/internal/models/field_types.go:117.2,117.52 1 1
project-management-platform/internal/models/field_types.go:117.52,118.53 1 1
project-management-platform/internal/models/field_types.go:118.53,119.39 1 1
project-management-platform/internal/models/field_types.go:119.39,120.70 1 1
project-management-platform/internal/models/field_types.go:120.70,122.6 1 1
project-management-platform/internal/models/field_types.go:124.4,124.62 1 1
project-management-platform/internal/models/field_types.go:129.2,130.40 2 1
project-management-platform/internal/models/field_types.go:130.40,131.25 1 1
project-management-platform/internal/models/field_types.go:131.25,133.4 1 1
project-management-platform/internal/models/field_types.go:136.2,136.60 1 1
project-management-platform/internal/models/field_types.go:140.103,141.27 1 1
project-management-platform/internal/models/field_types.go:142.14,143.14 1 1
project-management-platform/internal/models/field_types.go:143.14,145.4 1 1
project-management-platform/internal/models/field_types.go:147.3,147.56 1 1
project-management-platform/internal/models/field_types.go:147.56,149.57 1 1
project-management-platform/internal/models/field_types.go:149.57,151.5 1 1
project-management-platform/internal/models/field_types.go:153.3,153.13 1 1
project-management-platform/internal/models/field_types.go:154.17,155.13 1 1
project-management-platform/internal/models/field_types.go:156.26,157.13 1 0
project-management-platform/internal/models/field_types.go:158.10,159.91 1 0
project-management-platform/internal/models/field_types.go:164.103,166.9 2 1
project-management-platform/internal/models/field_types.go:166.9,168.3 1 1
project-management-platform/internal/models/field_types.go:171.2,171.56 1 1
project-management-platform/internal/models/field_types.go:171.56,172.46 1 1
project-management-platform/internal/models/field_types.go:172.46,173.36 1 1
project-management-platform/internal/models/field_types.go:173.36,175.5 1 1
project-management-platform/internal/models/field_types.go:177.8,179.27 1 1
project-management-platform/internal/models/field_types.go:179.27,181.4 1 0
project-management-platform/internal/models/field_types.go:185.2,185.56 1 1
project-management-platform/internal/models/field_types.go:185.56,186.46 1 1
project-management-platform/internal/models/field_types.go:186.46,187.55 1 1
project-management-platform/internal/models/field_types.go:187.55,189.5 1 1
project-management-platform/internal/models/field_types.go:193.2,193.12 1 1
project-management-platform/internal/models/field_types.go:197.105,198.27 1 1
project-management-platform/internal/models/field_types.go:199.14,200.14 1 1
project-management-platform/internal/models/field_types.go:200.14,202.4 1 0
project-management-platform/internal/models/field_types.go:204.3,204.57 1 1
project-management-platform/internal/models/field_types.go:204.57,206.4 1 1
project-management-platform/internal/models/field_types.go:207.3,207.13 1 1
project-management-platform/internal/models/field_types.go:208.26,209.13 1 1
project-management-platform/internal/models/field_types.go:210.21,212.28 1 1
project-management-platform/internal/models/field_types.go:212.28,213.30 1 1
project-management-platform/internal/models/field_types.go:214.16,215.59 1 1
project-management-platform/internal/models/field_types.go:215.59,217.6 1 1
project-management-platform/internal/models/field_types.go:218.28,218.28 0 0
project-management-platform/internal/models/field_types.go:220.12,221.88 1 0
project-management-platform/internal/models/field_types.go:224.3,224.13 1 1
project-management-platform/internal/models/field_types.go:225.10,226.92 1 0
project-management-platform/internal/models/field_types.go:231.105,235.27 3 1
project-management-platform/internal/models/field_types.go:236.11,237.24 1 1
project-management-platform/internal/models/field_types.go:238.13,239.24 1 0
project-management-platform/internal/models/field_types.go:240.13,241.24 1 0
project-management-platform/internal/models/field_types.go:242.15,243.24 1 0
project-management-platform/internal/models/field_types.go:244.15,245.15 1 1
project-management-platform/internal/models/field_types.go:246.14,247.14 1 1
project-management-platform/internal/models/field_types.go:247.14,249.4 1 0
project-management-platform/internal/models/field_types.go:250.3,251.17 2 1
project-management-platform/internal/models/field_types.go:251.17,253.4 1 1
project-management-platform/internal/models/field_types.go:254.10,255.77 1 0
project-management-platform/internal/models/field_types.go:259.2,259.54 1 1
project-management-platform/internal/models/field_types.go:259.54,260.50 1 1
project-management-platform/internal/models/field_types.go:260.50,261.32 1 1
project-management-platform/internal/models/field_types.go:261.32,263.5 1 1
project-management-platform/internal/models/field_types.go:268.2,268.54 1 1
project-management-platform/internal/models/field_types.go:268.54,269.50 1 1
project-management-platform/internal/models/field_types.go:269.50,270.32 1 1
project-management-platform/internal/models/field_types.go:270.32,272.5 1 1
project-management-platform/internal/models/field_types.go:276.2,276.12 1 1
project-management-platform/internal/models/field_types.go:280.92,281.19 1 1
project-management-platform/internal/models/field_types.go:282.23,285.4 1 1
project-management-platform/internal/models/field_types.go:286.25,289.4 1 1
project-management-platform/internal/models/field_types.go:290.21,293.4 1 1
project-management-platform/internal/models/field_types.go:294.21,298.4 1 1
project-management-platform/internal/models/field_types.go:299.23,302.4 1 1
project-management-platform/internal/models/field_types.go:303.23,306.4 1 1
project-management-platform/internal/models/field_types.go:307.10,308.34 1 1
project-management-platform/internal/models/field_types.go:313.67,323.39 2 1
project-management-platform/internal/models/field_types.go:323.39,324.29 1 1
project-management-platform/internal/models/field_types.go:324.29,326.4 1 1
project-management-platform/internal/models/field_types.go:329.2,329.14 1 1
project-management-platform/internal/models/field_types.go:333.105,334.18 1 1
project-management-platform/internal/models/field_types.go:334.18,336.3 1 1
project-management-platform/internal/models/field_types.go:338.2,338.19 1 1
project-management-platform/internal/models/field_types.go:339.42,340.41 1 1
project-management-platform/internal/models/field_types.go:340.41,342.4 1 1
project-management-platform/internal/models/field_types.go:343.3,343.20 1 0
project-management-platform/internal/models/field_types.go:345.21,346.28 1 1
project-management-platform/internal/models/field_types.go:347.15,348.15 1 1
project-management-platform/internal/models/field_types.go:348.15,350.5 1 0
project-management-platform/internal/models/field_types.go:352.4,352.57 1 1
project-management-platform/internal/models/field_types.go:352.57,354.5 1 1
project-management-platform/internal/models/field_types.go:355.4,355.57 1 1
project-management-platform/internal/models/field_types.go:355.57,357.5 1 1
project-management-platform/internal/models/field_types.go:358.4,358.51 1 1
project-management-platform/internal/models/field_types.go:359.18,360.17 1 0
project-management-platform/internal/models/field_types.go:361.27,362.24 1 0
project-management-platform/internal/models/field_types.go:363.11,364.21 1 0
project-management-platform/internal/models/field_types.go:367.21,368.41 1 1
project-management-platform/internal/models/field_types.go:368.41,370.4 1 1
project-management-platform/internal/models/field_types.go:371.3,371.20 1 0
project-management-platform/internal/models/field_types.go:373.23,374.28 1 1
project-management-platform/internal/models/field_types.go:375.15,376.15 1 1
project-management-platform/internal/models/field_types.go:376.15,378.5 1 0
project-management-platform/internal/models/field_types.go:379.4,379.62 1 1
project-management-platform/internal/models/field_types.go:379.62,381.5 1 1
project-management-platform/internal/models/field_types.go:382.4,382.55 1 0
project-management-platform/internal/models/field_types.go:383.27,384.17 1 0
project-management-platform/internal/models/field_types.go:385.22,387.29 2 1
project-management-platform/internal/models/field_types.go:387.29,388.31 1 1
project-management-platform/internal/models/field_types.go:389.17,390.64 1 1
project-management-platform/internal/models/field_types.go:390.64,392.7 1 1
project-management-platform/internal/models/field_types.go:392.12,394.7 1 0
project-management-platform/internal/models/field_types.go:395.29,396.40 1 0
project-management-platform/internal/models/field_types.go:397.13,398.63 1 0
project-management-platform/internal/models/field_types.go:401.4,401.26 1 1
project-management-platform/internal/models/field_types.go:402.11,403.21 1 0
project-management-platform/internal/models/field_types.go:406.23,407.28 1 1
project-management-platform/internal/models/field_types.go:408.15,409.15 1 1
project-management-platform/internal/models/field_types.go:409.15,411.5 1 0
project-management-platform/internal/models/field_types.go:412.4,412.62 1 1
project-management-platform/internal/models/field_types.go:412.62,414.5 1 1
project-management-platform/internal/models/field_types.go:415.4,415.53 1 1
project-management-platform/internal/models/field_types.go:416.44,417.17 1 0
project-management-platform/internal/models/field_types.go:418.11,419.21 1 0
project-management-platform/internal/models/field_types.go:422.10,423.20 1 0
project-management-platform/internal/models/filter.go:28.41,29.19 1 0
project-management-platform/internal/models/filter.go:29.19,31.3 1 0
project-management-platform/internal/models/filter.go:33.2,33.24 1 0
project-management-platform/internal/models/filter.go:33.24,35.3 1 0
project-management-platform/internal/models/filter.go:37.2,37.29 1 0
project-management-platform/internal/models/filter.go:37.29,39.3 1 0
project-management-platform/internal/models/filter.go:41.2,41.25 1 0
project-management-platform/internal/models/filter.go:41.25,43.3 1 0
project-management-platform/internal/models/filter.go:46.2,46.44 1 0
project-management-platform/internal/models/filter.go:46.44,48.3 1 0
project-management-platform/internal/models/filter.go:50.2,50.12 1 0
project-management-platform/internal/models/filter.go:133.41,134.20 1 0
project-management-platform/internal/models/filter.go:134.20,136.3 1 0
project-management-platform/internal/models/filter.go:138.2,138.61 1 0
project-management-platform/internal/models/filter.go:138.61,140.3 1 0
project-management-platform/internal/models/filter.go:142.2,142.52 1 0
project-management-platform/internal/models/filter.go:142.52,144.3 1 0
project-management-platform/internal/models/filter.go:146.2,146.42 1 0
project-management-platform/internal/models/filter.go:146.42,147.46 1 0
project-management-platform/internal/models/filter.go:147.46,149.4 1 0
project-management-platform/internal/models/filter.go:152.2,152.34 1 0
project-management-platform/internal/models/filter.go:152.34,153.42 1 0
project-management-platform/internal/models/filter.go:153.42,155.4 1 0
project-management-platform/internal/models/filter.go:158.2,158.12 1 0
project-management-platform/internal/models/filter.go:162.45,163.20 1 0
project-management-platform/internal/models/filter.go:163.20,165.3 1 0
project-management-platform/internal/models/filter.go:167.2,167.23 1 0
project-management-platform/internal/models/filter.go:167.23,169.3 1 0
project-management-platform/internal/models/filter.go:171.2,171.19 1 0
project-management-platform/internal/models/filter.go:171.19,173.3 1 0
project-management-platform/internal/models/filter.go:176.2,176.21 1 0
project-management-platform/internal/models/filter.go:177.41,177.41 0 0
project-management-platform/internal/models/filter.go:179.98,180.73 1 0
project-management-platform/internal/models/filter.go:180.73,182.4 1 0
project-management-platform/internal/models/filter.go:183.83,184.106 1 0
project-management-platform/internal/models/filter.go:184.106,186.4 1 0
project-management-platform/internal/models/filter.go:187.33,188.64 1 0
project-management-platform/internal/models/filter.go:188.64,190.4 1 0
project-management-platform/internal/models/filter.go:191.43,191.43 0 0
project-management-platform/internal/models/filter.go:193.37,194.37 1 0
project-management-platform/internal/models/filter.go:194.37,196.4 1 0
project-management-platform/internal/models/filter.go:197.82,198.73 1 0
project-management-platform/internal/models/filter.go:198.73,200.4 1 0
project-management-platform/internal/models/filter.go:201.48,202.38 1 0
project-management-platform/internal/models/filter.go:202.38,204.4 1 0
project-management-platform/internal/models/filter.go:205.74,205.74 0 0
project-management-platform/internal/models/filter.go:207.10,208.64 1 0
project-management-platform/internal/models/filter.go:211.2,211.12 1 0
project-management-platform/internal/models/filter.go:215.41,216.20 1 0
project-management-platform/internal/models/filter.go:216.20,218.3 1 0
project-management-platform/internal/models/filter.go:220.2,220.61 1 0
project-management-platform/internal/models/filter.go:220.61,222.3 1 0
project-management-platform/internal/models/filter.go:224.2,224.52 1 0
project-management-platform/internal/models/filter.go:224.52,226.3 1 0
project-management-platform/internal/models/filter.go:228.2,228.42 1 0
project-management-platform/internal/models/filter.go:228.42,229.46 1 0
project-management-platform/internal/models/filter.go:229.46,231.4 1 0
project-management-platform/internal/models/filter.go:234.2,234.34 1 0
project-management-platform/internal/models/filter.go:234.34,235.42 1 0
project-management-platform/internal/models/filter.go:235.42,237.4 1 0
project-management-platform/internal/models/filter.go:239.2,239.12 1 0
project-management-platform/internal/models/filter.go:253.66,256.18 2 0
project-management-platform/internal/models/filter.go:256.18,258.3 1 0
project-management-platform/internal/models/filter.go:260.2,260.17 1 0
project-management-platform/internal/models/filter.go:260.17,262.3 1 0
project-management-platform/internal/models/filter.go:264.2,264.21 1 0
project-management-platform/internal/models/filter.go:264.21,266.29 2 0
project-management-platform/internal/models/filter.go:266.29,268.4 1 0
project-management-platform/internal/models/filter.go:269.3,269.52 1 0
project-management-platform/internal/models/filter.go:272.2,272.20 1 0
project-management-platform/internal/models/filter.go:309.84,313.16 3 0
project-management-platform/internal/models/filter.go:314.25,315.57 1 0
project-management-platform/internal/models/filter.go:316.29,317.58 1 0
project-management-platform/internal/models/filter.go:318.28,321.63 2 0
project-management-platform/internal/models/filter.go:322.28,325.41 3 0
project-management-platform/internal/models/filter.go:326.29,329.39 3 0
project-management-platform/internal/models/filter.go:330.29,333.47 3 0
project-management-platform/internal/models/filter.go:334.31,338.10 4 0
project-management-platform/internal/models/filter.go:339.67,340.88 1 0
project-management-platform/internal/models/filter.go:341.64,342.86 1 0
project-management-platform/internal/models/filter.go:343.68,344.85 1 0
project-management-platform/internal/models/filter.go:345.11,346.88 1 0
project-management-platform/internal/models/filter.go:348.3,349.43 2 0
project-management-platform/internal/models/filter.go:350.31,354.10 4 0
project-management-platform/internal/models/filter.go:355.67,356.94 1 0
project-management-platform/internal/models/filter.go:357.64,358.92 1 0
project-management-platform/internal/models/filter.go:359.68,360.90 1 0
project-management-platform/internal/models/filter.go:361.11,362.89 1 0
project-management-platform/internal/models/filter.go:364.3,365.51 2 0
project-management-platform/internal/models/filter.go:366.28,369.37 3 0
project-management-platform/internal/models/filter.go:370.28,373.45 3 0
project-management-platform/internal/models/filter.go:374.29,375.61 1 0
project-management-platform/internal/models/filter.go:376.29,377.62 1 0
project-management-platform/internal/models/filter.go:378.30,379.62 1 0
project-management-platform/internal/models/filter.go:380.30,381.63 1 0
project-management-platform/internal/models/filter.go:382.30,383.62 1 0
project-management-platform/internal/models/filter.go:384.30,385.63 1 0
project-management-platform/internal/models/filter.go:386.31,387.63 1 0
project-management-platform/internal/models/filter.go:388.31,389.64 1 0
project-management-platform/internal/models/filter.go:390.10,391.94 1 0
project-management-platform/internal/models/item.go:34.72,48.2 2 1
project-management-platform/internal/models/item.go:51.33,52.18 1 0
project-management-platform/internal/models/item.go:52.18,54.3 1 0
project-management-platform/internal/models/item.go:56.2,56.23 1 0
project-management-platform/internal/models/item.go:56.23,58.3 1 0
project-management-platform/internal/models/item.go:60.2,60.24 1 0
project-management-platform/internal/models/item.go:60.24,62.3 1 0
project-management-platform/internal/models/item.go:64.2,64.26 1 0
project-management-platform/internal/models/item.go:64.26,66.3 1 0
project-management-platform/internal/models/item.go:68.2,68.20 1 0
project-management-platform/internal/models/item.go:68.20,70.3 1 0
project-management-platform/internal/models/item.go:73.2,74.43 2 0
project-management-platform/internal/models/item.go:74.43,75.32 1 0
project-management-platform/internal/models/item.go:75.32,77.4 1 0
project-management-platform/internal/models/item.go:79.3,79.37 1 0
project-management-platform/internal/models/item.go:79.37,81.4 1 0
project-management-platform/internal/models/item.go:82.3,84.36 2 0
project-management-platform/internal/models/item.go:84.36,86.4 1 0
project-management-platform/internal/models/item.go:89.2,89.12 1 0
project-management-platform/internal/models/item.go:93.42,94.39 1 0
project-management-platform/internal/models/item.go:94.39,96.3 1 0
project-management-platform/internal/models/item.go:98.2,98.20 1 0
project-management-platform/internal/models/item.go:98.20,100.3 1 0
project-management-platform/internal/models/item.go:102.2,102.12 1 0
project-management-platform/internal/models/item.go:106.41,108.16 2 0
project-management-platform/internal/models/item.go:108.16,110.3 1 0
project-management-platform/internal/models/item.go:112.2,114.16 3 0
project-management-platform/internal/models/item.go:114.16,116.3 1 0
project-management-platform/internal/models/item.go:118.2,118.21 1 0
project-management-platform/internal/models/item.go:122.44,124.16 2 0
project-management-platform/internal/models/item.go:124.16,126.3 1 0
project-management-platform/internal/models/item.go:128.2,129.16 2 0
project-management-platform/internal/models/item.go:129.16,131.3 1 0
project-management-platform/internal/models/item.go:133.2,133.12 1 0
project-management-platform/internal/models/item.go:137.102,138.20 1 1
project-management-platform/internal/models/item.go:138.20,140.3 1 0
project-management-platform/internal/models/item.go:142.2,142.24 1 1
project-management-platform/internal/models/item.go:142.24,144.3 1 0
project-management-platform/internal/models/item.go:146.2,149.43 2 1
project-management-platform/internal/models/item.go:149.43,150.38 1 1
project-management-platform/internal/models/item.go:150.38,156.4 5 1
project-management-platform/internal/models/item.go:160.2,168.12 3 1
project-management-platform/internal/models/item.go:172.67,173.43 1 1
project-management-platform/internal/models/item.go:173.43,174.38 1 1
project-management-platform/internal/models/item.go:174.38,176.4 1 1
project-management-platform/internal/models/item.go:178.2,178.19 1 1
project-management-platform/internal/models/item.go:182.56,183.20 1 1
project-management-platform/internal/models/item.go:183.20,185.3 1 0
project-management-platform/internal/models/item.go:187.2,187.43 1 1
project-management-platform/internal/models/item.go:187.43,188.38 1 1
project-management-platform/internal/models/item.go:188.38,192.4 3 1
project-management-platform/internal/models/item.go:195.2,195.69 1 1
project-management-platform/internal/models/item.go:199.61,200.21 1 1
project-management-platform/internal/models/item.go:200.21,202.3 1 0
project-management-platform/internal/models/item.go:205.2,205.39 1 1
project-management-platform/internal/models/item.go:205.39,206.25 1 1
project-management-platform/internal/models/item.go:206.25,208.4 1 1
project-management-platform/internal/models/item.go:211.2,213.12 3 1
project-management-platform/internal/models/item.go:217.64,218.21 1 0
project-management-platform/internal/models/item.go:218.21,220.3 1 0
project-management-platform/internal/models/item.go:222.2,222.39 1 0
project-management-platform/internal/models/item.go:222.39,223.25 1 0
project-management-platform/internal/models/item.go:223.25,227.4 3 0
project-management-platform/internal/models/item.go:230.2,230.56 1 0
project-management-platform/internal/models/item.go:234.60,235.21 1 0
project-management-platform/internal/models/item.go:235.21,237.3 1 0
project-management-platform/internal/models/item.go:240.2,240.37 1 0
project-management-platform/internal/models/item.go:240.37,241.24 1 0
project-management-platform/internal/models/item.go:241.24,243.4 1 0
project-management-platform/internal/models/item.go:246.2,248.12 3 0
project-management-platform/internal/models/item.go:252.63,253.21 1 0
project-management-platform/internal/models/item.go:253.21,255.3 1 0
project-management-platform/internal/models/item.go:257.2,257.37 1 0
project-management-platform/internal/models/item.go:257.37,258.24 1 0
project-management-platform/internal/models/item.go:258.24,262.4 3 0
project-management-platform/internal/models/item.go:265.2,265.53 1 0
project-management-platform/internal/models/item.go:269.59,270.39 1 1
project-management-platform/internal/models/item.go:270.39,271.25 1 1
project-management-platform/internal/models/item.go:271.25,273.4 1 1
project-management-platform/internal/models/item.go:275.2,275.14 1 0
project-management-platform/internal/models/item.go:279.58,280.37 1 0
project-management-platform/internal/models/item.go:280.37,281.24 1 0
project-management-platform/internal/models/item.go:281.24,283.4 1 0
project-management-platform/internal/models/item.go:285.2,285.14 1 0
project-management-platform/internal/models/item.go:289.54,290.21 1 1
project-management-platform/internal/models/item.go:290.21,292.3 1 1
project-management-platform/internal/models/item.go:294.2,296.12 3 1
project-management-platform/internal/models/item_movement_demo.go:12.32,25.39 7 1
project-management-platform/internal/models/item_movement_demo.go:25.39,27.3 1 1
project-management-platform/internal/models/item_movement_demo.go:30.2,47.29 7 1
project-management-platform/internal/models/item_movement_demo.go:47.29,52.3 4 1
project-management-platform/internal/models/item_movement_demo.go:55.2,119.29 28 1
project-management-platform/internal/models/item_movement_demo.go:119.29,122.84 2 1
project-management-platform/internal/models/item_movement_demo.go:122.84,124.4 1 1
project-management-platform/internal/models/item_movement_demo.go:124.9,124.101 1 1
project-management-platform/internal/models/item_movement_demo.go:124.101,126.4 1 1
project-management-platform/internal/models/item_movement_demo.go:126.9,126.90 1 1
project-management-platform/internal/models/item_movement_demo.go:126.90,128.4 1 1
project-management-platform/internal/models/item_movement_demo.go:128.9,130.4 1 0
project-management-platform/internal/models/item_movement_demo.go:132.3,132.58 1 1
project-management-platform/internal/models/item_movement_demo.go:136.2,136.34 1 1
project-management-platform/internal/models/item_movement_demo.go:136.34,137.55 1 1
project-management-platform/internal/models/item_movement_demo.go:137.55,139.4 1 1
project-management-platform/internal/models/item_movement_demo.go:143.2,144.41 2 1
project-management-platform/internal/models/item_movement_demo.go:144.41,145.73 1 1
project-management-platform/internal/models/item_movement_demo.go:145.73,147.31 2 1
project-management-platform/internal/models/item_movement_demo.go:147.31,149.5 1 1
project-management-platform/internal/models/item_movement_demo.go:154.2,157.42 2 1
project-management-platform/internal/models/item_movement_demo.go:157.42,163.3 4 1
project-management-platform/internal/models/item_movement_demo.go:166.2,166.35 1 1
project-management-platform/internal/models/item_movement_demo.go:166.35,170.3 3 1
project-management-platform/internal/models/item_movement_demo.go:173.2,173.41 1 1
project-management-platform/internal/models/item_movement_demo.go:173.41,177.3 3 1
project-management-platform/internal/models/item_movement_demo.go:180.2,208.38 4 1
project-management-platform/internal/models/item_movement_demo.go:208.38,210.3 1 1
project-management-platform/internal/models/item_movement_demo.go:213.2,213.38 1 1
project-management-platform/internal/models/item_movement_demo.go:213.38,216.3 2 1
project-management-platform/internal/models/item_movement_demo.go:218.2,219.38 2 1
project-management-platform/internal/models/item_movement_demo.go:219.38,221.3 1 1
project-management-platform/internal/models/item_movement_demo.go:224.2,230.42 4 1
project-management-platform/internal/models/item_movement_demo.go:230.42,232.43 2 1
project-management-platform/internal/models/item_movement_demo.go:232.43,236.20 3 1
project-management-platform/internal/models/item_movement_demo.go:236.20,238.5 1 0
project-management-platform/internal/models/item_movement_demo.go:242.2,242.22 1 1
project-management-platform/internal/models/item_movement_demo.go:242.22,244.3 1 0
project-management-platform/internal/models/item_movement_demo.go:244.8,246.3 1 1
project-management-platform/internal/models/item_movement_demo.go:248.2,248.40 1 1
project-management-platform/internal/models/notification.go:46.104,61.2 1 1
project-management-platform/internal/models/notification.go:64.125,79.2 7 1
project-management-platform/internal/models/notification.go:82.128,97.2 7 0
project-management-platform/internal/models/notification.go:100.123,114.2 6 0
project-management-platform/internal/models/notification.go:117.137,132.2 7 0
project-management-platform/internal/models/notification.go:135.95,148.2 5 0
project-management-platform/internal/models/notification.go:151.106,164.2 5 0
project-management-platform/internal/models/notification.go:167.41,168.23 1 0
project-management-platform/internal/models/notification.go:168.23,170.3 1 0
project-management-platform/internal/models/notification.go:172.2,172.18 1 0
project-management-platform/internal/models/notification.go:172.18,174.3 1 0
project-management-platform/internal/models/notification.go:176.2,176.38 1 0
project-management-platform/internal/models/notification.go:176.38,178.3 1 0
project-management-platform/internal/models/notification.go:180.2,180.19 1 0
project-management-platform/internal/models/notification.go:180.19,182.3 1 0
project-management-platform/internal/models/notification.go:184.2,184.24 1 0
project-management-platform/internal/models/notification.go:184.24,186.3 1 0
project-management-platform/internal/models/notification.go:188.2,188.21 1 0
project-management-platform/internal/models/notification.go:188.21,190.3 1 0
project-management-platform/internal/models/notification.go:192.2,192.26 1 0
project-management-platform/internal/models/notification.go:192.26,194.3 1 0
project-management-platform/internal/models/notification.go:196.2,196.12 1 0
project-management-platform/internal/models/notification.go:200.49,202.16 2 0
project-management-platform/internal/models/notification.go:202.16,204.3 1 0
project-management-platform/internal/models/notification.go:206.2,208.16 3 0
project-management-platform/internal/models/notification.go:208.16,210.3 1 0
project-management-platform/internal/models/notification.go:212.2,212.21 1 0
project-management-platform/internal/models/notification.go:216.52,218.16 2 0
project-management-platform/internal/models/notification.go:218.16,220.3 1 0
project-management-platform/internal/models/notification.go:222.2,223.16 2 0
project-management-platform/internal/models/notification.go:223.16,225.3 1 0
project-management-platform/internal/models/notification.go:227.2,227.12 1 0
project-management-platform/internal/models/notification.go:231.63,232.19 1 1
project-management-platform/internal/models/notification.go:232.19,234.3 1 0
project-management-platform/internal/models/notification.go:235.2,235.21 1 1
project-management-platform/internal/models/notification.go:239.64,240.19 1 1
project-management-platform/internal/models/notification.go:240.19,242.3 1 0
project-management-platform/internal/models/notification.go:243.2,244.22 2 1
project-management-platform/internal/models/notification.go:248.37,249.13 1 1
project-management-platform/internal/models/notification.go:249.13,253.3 3 1
project-management-platform/internal/models/notification.go:257.39,260.2 2 0
project-management-platform/internal/models/notification.go:263.39,266.2 2 1
project-management-platform/internal/models/notification.go:269.43,271.2 1 1
project-management-platform/internal/models/notification.go:274.47,276.2 1 1
project-management-platform/internal/models/notification.go:279.47,281.2 1 0
project-management-platform/internal/models/notification.go:284.44,291.49 2 1
project-management-platform/internal/models/notification.go:291.49,292.31 1 1
project-management-platform/internal/models/notification.go:292.31,294.4 1 1
project-management-platform/internal/models/notification.go:297.2,297.14 1 1
project-management-platform/internal/models/notification.go:301.47,303.2 1 0
project-management-platform/internal/models/notification.go:306.41,308.2 1 0
project-management-platform/internal/models/notification.go:311.60,324.39 2 0
project-management-platform/internal/models/notification.go:324.39,325.36 1 0
project-management-platform/internal/models/notification.go:325.36,327.4 1 0
project-management-platform/internal/models/notification.go:330.2,330.14 1 0
project-management-platform/internal/models/user.go:47.65,70.2 2 1
project-management-platform/internal/models/user.go:73.33,74.19 1 1
project-management-platform/internal/models/user.go:74.19,76.3 1 1
project-management-platform/internal/models/user.go:78.2,78.28 1 1
project-management-platform/internal/models/user.go:78.28,80.3 1 1
project-management-platform/internal/models/user.go:82.2,82.22 1 1
project-management-platform/internal/models/user.go:82.22,84.3 1 0
project-management-platform/internal/models/user.go:86.2,86.25 1 1
project-management-platform/internal/models/user.go:86.25,88.3 1 1
project-management-platform/internal/models/user.go:90.2,90.23 1 1
project-management-platform/internal/models/user.go:90.23,92.3 1 1
project-management-platform/internal/models/user.go:94.2,94.22 1 1
project-management-platform/internal/models/user.go:94.22,96.3 1 0
project-management-platform/internal/models/user.go:98.2,98.27 1 1
project-management-platform/internal/models/user.go:98.27,100.3 1 0
project-management-platform/internal/models/user.go:102.2,102.26 1 1
project-management-platform/internal/models/user.go:102.26,104.3 1 0
project-management-platform/internal/models/user.go:106.2,106.12 1 1
project-management-platform/internal/models/user.go:110.42,111.45 1 0
project-management-platform/internal/models/user.go:111.45,113.3 1 0
project-management-platform/internal/models/user.go:115.2,115.45 1 0
project-management-platform/internal/models/user.go:115.45,117.3 1 0
project-management-platform/internal/models/user.go:119.2,119.48 1 0
project-management-platform/internal/models/user.go:119.48,121.3 1 0
project-management-platform/internal/models/user.go:123.2,123.46 1 0
project-management-platform/internal/models/user.go:123.46,125.3 1 0
project-management-platform/internal/models/user.go:127.2,127.12 1 0
project-management-platform/internal/models/user.go:131.41,133.16 2 1
project-management-platform/internal/models/user.go:133.16,135.3 1 0
project-management-platform/internal/models/user.go:137.2,139.16 3 1
project-management-platform/internal/models/user.go:139.16,141.3 1 0
project-management-platform/internal/models/user.go:143.2,143.21 1 1
project-management-platform/internal/models/user.go:147.44,149.16 2 1
project-management-platform/internal/models/user.go:149.16,151.3 1 0
project-management-platform/internal/models/user.go:153.2,154.16 2 1
project-management-platform/internal/models/user.go:154.16,156.3 1 0
project-management-platform/internal/models/user.go:158.2,158.12 1 1
project-management-platform/internal/models/user.go:162.37,164.2 1 0
project-management-platform/internal/models/user.go:167.34,171.2 3 0
project-management-platform/internal/models/user.go:174.35,177.2 2 0
project-management-platform/internal/models/user.go:180.57,183.2 2 0
project-management-platform/internal/models/user.go:186.38,189.2 2 1
project-management-platform/internal/models/workspace.go:50.84,71.2 2 1
project-management-platform/internal/models/workspace.go:74.38,75.18 1 0
project-management-platform/internal/models/workspace.go:75.18,77.3 1 0
project-management-platform/internal/models/workspace.go:79.2,79.23 1 0
project-management-platform/internal/models/workspace.go:79.23,81.3 1 0
project-management-platform/internal/models/workspace.go:83.2,83.30 1 0
project-management-platform/internal/models/workspace.go:83.30,85.3 1 0
project-management-platform/internal/models/workspace.go:87.2,87.24 1 0
project-management-platform/internal/models/workspace.go:87.24,89.3 1 0
project-management-platform/internal/models/workspace.go:92.2,92.111 1 0
project-management-platform/internal/models/workspace.go:92.111,94.3 1 0
project-management-platform/internal/models/workspace.go:97.2,97.35 1 0
project-management-platform/internal/models/workspace.go:97.35,98.29 1 0
project-management-platform/internal/models/workspace.go:98.29,100.4 1 0
project-management-platform/internal/models/workspace.go:102.3,102.78 1 0
project-management-platform/internal/models/workspace.go:102.78,104.4 1 0
project-management-platform/internal/models/workspace.go:107.2,107.12 1 0
project-management-platform/internal/models/workspace.go:111.47,112.39 1 0
project-management-platform/internal/models/workspace.go:112.39,114.3 1 0
project-management-platform/internal/models/workspace.go:116.2,116.30 1 0
project-management-platform/internal/models/workspace.go:116.30,118.3 1 0
project-management-platform/internal/models/workspace.go:120.2,120.142 1 0
project-management-platform/internal/models/workspace.go:120.142,122.3 1 0
project-management-platform/internal/models/workspace.go:124.2,124.12 1 0
project-management-platform/internal/models/workspace.go:128.46,130.16 2 0
project-management-platform/internal/models/workspace.go:130.16,132.3 1 0
project-management-platform/internal/models/workspace.go:134.2,136.16 3 0
project-management-platform/internal/models/workspace.go:136.16,138.3 1 0
project-management-platform/internal/models/workspace.go:140.2,140.21 1 0
project-management-platform/internal/models/workspace.go:144.49,146.16 2 0
project-management-platform/internal/models/workspace.go:146.16,148.3 1 0
project-management-platform/internal/models/workspace.go:150.2,151.16 2 0
project-management-platform/internal/models/workspace.go:151.16,153.3 1 0
project-management-platform/internal/models/workspace.go:155.2,155.12 1 0
project-management-platform/internal/models/workspace.go:159.77,160.21 1 1
project-management-platform/internal/models/workspace.go:160.21,162.3 1 0
project-management-platform/internal/models/workspace.go:164.2,164.63 1 1
project-management-platform/internal/models/workspace.go:164.63,166.3 1 0
project-management-platform/internal/models/workspace.go:169.2,169.35 1 1
project-management-platform/internal/models/workspace.go:169.35,170.30 1 1
project-management-platform/internal/models/workspace.go:170.30,172.4 1 1
project-management-platform/internal/models/workspace.go:175.2,182.12 3 1
project-management-platform/internal/models/workspace.go:186.67,187.21 1 1
project-management-platform/internal/models/workspace.go:187.21,189.3 1 0
project-management-platform/internal/models/workspace.go:192.2,192.25 1 1
project-management-platform/internal/models/workspace.go:192.25,194.3 1 1
project-management-platform/internal/models/workspace.go:196.2,196.35 1 1
project-management-platform/internal/models/workspace.go:196.35,197.30 1 1
project-management-platform/internal/models/workspace.go:197.30,201.4 3 1
project-management-platform/internal/models/workspace.go:204.2,204.61 1 0
project-management-platform/internal/models/workspace.go:208.87,209.21 1 0
project-management-platform/internal/models/workspace.go:209.21,211.3 1 0
project-management-platform/internal/models/workspace.go:213.2,213.69 1 0
project-management-platform/internal/models/workspace.go:213.69,215.3 1 0
project-management-platform/internal/models/workspace.go:218.2,218.25 1 0
project-management-platform/internal/models/workspace.go:218.25,220.3 1 0
project-management-platform/internal/models/workspace.go:222.2,222.35 1 0
project-management-platform/internal/models/workspace.go:222.35,223.30 1 0
project-management-platform/internal/models/workspace.go:223.30,227.4 3 0
project-management-platform/internal/models/workspace.go:230.2,230.61 1 0
project-management-platform/internal/models/workspace.go:234.84,235.35 1 0
project-management-platform/internal/models/workspace.go:235.35,236.30 1 0
project-management-platform/internal/models/workspace.go:236.30,238.4 1 0
project-management-platform/internal/models/workspace.go:240.2,240.66 1 0
project-management-platform/internal/models/workspace.go:244.62,245.35 1 0
project-management-platform/internal/models/workspace.go:245.35,246.30 1 0
project-management-platform/internal/models/workspace.go:246.30,248.4 1 0
project-management-platform/internal/models/workspace.go:250.2,250.14 1 0
project-management-platform/internal/models/workspace.go:254.61,255.25 1 0
project-management-platform/internal/models/workspace.go:255.25,257.3 1 0
project-management-platform/internal/models/workspace.go:259.2,259.35 1 0
project-management-platform/internal/models/workspace.go:259.35,260.67 1 0
project-management-platform/internal/models/workspace.go:260.67,262.4 1 0
project-management-platform/internal/models/workspace.go:264.2,264.14 1 0
project-management-platform/internal/models/workspace.go:268.42,270.2 1 0
project-management-platform/internal/monitoring/alerts.go:49.59,55.2 1 0
project-management-platform/internal/monitoring/alerts.go:58.58,60.2 1 0
project-management-platform/internal/monitoring/alerts.go:63.123,90.38 7 0
project-management-platform/internal/monitoring/alerts.go:90.38,91.27 1 0
project-management-platform/internal/monitoring/alerts.go:91.27,92.52 1 0
project-management-platform/internal/monitoring/alerts.go:92.52,97.5 1 0
project-management-platform/internal/monitoring/alerts.go:103.54,107.49 3 0
project-management-platform/internal/monitoring/alerts.go:107.49,116.3 4 0
project-management-platform/internal/monitoring/alerts.go:120.46,125.34 4 0
project-management-platform/internal/monitoring/alerts.go:125.34,127.3 1 0
project-management-platform/internal/monitoring/alerts.go:129.2,129.15 1 0
project-management-platform/internal/monitoring/alerts.go:133.52,138.34 4 0
project-management-platform/internal/monitoring/alerts.go:138.34,139.22 1 0
project-management-platform/internal/monitoring/alerts.go:139.22,141.4 1 0
project-management-platform/internal/monitoring/alerts.go:144.2,144.15 1 0
project-management-platform/internal/monitoring/alerts.go:148.64,153.35 4 0
project-management-platform/internal/monitoring/alerts.go:153.35,154.83 1 0
project-management-platform/internal/monitoring/alerts.go:154.83,156.4 1 0
project-management-platform/internal/monitoring/alerts.go:166.65,170.2 1 0
project-management-platform/internal/monitoring/alerts.go:173.80,184.41 2 0
project-management-platform/internal/monitoring/alerts.go:184.41,186.3 1 0
project-management-platform/internal/monitoring/alerts.go:188.2,188.21 1 0
project-management-platform/internal/monitoring/alerts.go:189.43,190.47 1 0
project-management-platform/internal/monitoring/alerts.go:191.25,192.46 1 0
project-management-platform/internal/monitoring/alerts.go:193.10,194.46 1 0
project-management-platform/internal/monitoring/alerts.go:197.2,197.12 1 0
project-management-platform/internal/monitoring/alerts.go:207.69,211.2 1 0
project-management-platform/internal/monitoring/alerts.go:214.82,216.35 1 0
project-management-platform/internal/monitoring/alerts.go:216.35,218.3 1 0
project-management-platform/internal/monitoring/alerts.go:221.2,227.12 2 0
project-management-platform/internal/monitoring/alerts.go:238.92,243.2 1 0
project-management-platform/internal/monitoring/alerts.go:246.84,255.2 2 0
project-management-platform/internal/monitoring/alerts.go:258.31,260.2 1 0
project-management-platform/internal/monitoring/alerts.go:270.69,282.2 4 0
project-management-platform/internal/monitoring/alerts.go:285.62,287.2 1 0
project-management-platform/internal/monitoring/alerts.go:290.70,292.2 1 0
project-management-platform/internal/monitoring/alerts.go:295.72,297.12 1 0
project-management-platform/internal/monitoring/alerts.go:297.12,301.7 3 0
project-management-platform/internal/monitoring/alerts.go:301.7,302.11 1 0
project-management-platform/internal/monitoring/alerts.go:303.22,304.11 1 0
project-management-platform/internal/monitoring/alerts.go:305.20,306.53 1 0
project-management-platform/internal/monitoring/alerts.go:312.2,312.12 1 0
project-management-platform/internal/monitoring/alerts.go:312.12,316.7 3 0
project-management-platform/internal/monitoring/alerts.go:316.7,317.11 1 0
project-management-platform/internal/monitoring/alerts.go:318.22,319.11 1 0
project-management-platform/internal/monitoring/alerts.go:320.20,321.27 1 0
project-management-platform/internal/monitoring/alerts.go:328.50,333.60 2 0
project-management-platform/internal/monitoring/alerts.go:333.60,335.32 2 0
project-management-platform/internal/monitoring/alerts.go:335.32,337.4 1 0
project-management-platform/internal/monitoring/alerts.go:339.3,339.24 1 0
project-management-platform/internal/monitoring/alerts.go:339.24,349.4 1 0
project-management-platform/internal/monitoring/alerts.go:353.2,353.80 1 0
project-management-platform/internal/monitoring/alerts.go:353.80,354.42 1 0
project-management-platform/internal/monitoring/alerts.go:354.42,355.58 1 0
project-management-platform/internal/monitoring/alerts.go:355.58,356.64 1 0
project-management-platform/internal/monitoring/alerts.go:356.64,368.6 1 0
project-management-platform/internal/monitoring/metrics.go:19.46,26.2 1 0
project-management-platform/internal/monitoring/metrics.go:29.103,34.23 4 0
project-management-platform/internal/monitoring/metrics.go:34.23,37.3 2 0
project-management-platform/internal/monitoring/metrics.go:41.60,43.2 1 0
project-management-platform/internal/monitoring/metrics.go:46.64,49.46 2 0
project-management-platform/internal/monitoring/metrics.go:49.46,50.30 1 0
project-management-platform/internal/monitoring/metrics.go:50.30,52.4 1 0
project-management-platform/internal/monitoring/metrics.go:55.2,62.16 2 0
project-management-platform/internal/monitoring/metrics.go:66.76,69.53 2 0
project-management-platform/internal/monitoring/metrics.go:69.53,70.26 1 0
project-management-platform/internal/monitoring/metrics.go:70.26,71.12 1 0
project-management-platform/internal/monitoring/metrics.go:74.3,78.31 4 0
project-management-platform/internal/monitoring/metrics.go:78.31,80.15 2 0
project-management-platform/internal/monitoring/metrics.go:80.15,82.5 1 0
project-management-platform/internal/monitoring/metrics.go:83.4,83.15 1 0
project-management-platform/internal/monitoring/metrics.go:83.15,85.5 1 0
project-management-platform/internal/monitoring/metrics.go:88.3,95.4 2 0
project-management-platform/internal/monitoring/metrics.go:98.2,98.14 1 0
project-management-platform/internal/monitoring/metrics.go:102.64,103.30 1 0
project-management-platform/internal/monitoring/metrics.go:103.30,112.53 5 0
project-management-platform/internal/monitoring/metrics.go:112.53,114.4 1 0
project-management-platform/internal/monitoring/metrics.go:124.75,128.2 1 0
project-management-platform/internal/monitoring/metrics.go:131.55,132.30 1 0
project-management-platform/internal/monitoring/metrics.go:132.30,140.3 4 0
project-management-platform/internal/monitoring/metrics.go:144.94,148.64 2 0
project-management-platform/internal/monitoring/metrics.go:148.64,151.41 3 0
project-management-platform/internal/monitoring/metrics.go:151.41,153.4 1 0
project-management-platform/internal/monitoring/metrics.go:157.2,157.60 1 0
project-management-platform/internal/monitoring/metrics.go:157.60,160.39 3 0
project-management-platform/internal/monitoring/metrics.go:160.39,162.4 1 0
project-management-platform/internal/monitoring/metrics.go:166.2,166.58 1 0
project-management-platform/internal/monitoring/metrics.go:166.58,170.3 3 0
project-management-platform/internal/monitoring/metrics.go:173.2,173.80 1 0
project-management-platform/internal/monitoring/metrics.go:173.80,176.42 3 0
project-management-platform/internal/monitoring/metrics.go:176.42,177.58 1 0
project-management-platform/internal/monitoring/metrics.go:177.58,178.50 1 0
project-management-platform/internal/monitoring/metrics.go:178.50,180.6 1 0
project-management-platform/internal/monitoring/metrics.go:181.5,181.50 1 0
project-management-platform/internal/monitoring/metrics.go:181.50,183.6 1 0
project-management-platform/internal/monitoring/metrics.go:184.5,184.50 1 0
project-management-platform/internal/monitoring/metrics.go:184.50,186.6 1 0
project-management-platform/internal/monitoring/metrics.go:191.2,191.15 1 0
project-management-platform/internal/testutils/mock_dependencies.go:15.109,15.128 1 0
project-management-platform/internal/testutils/mock_dependencies.go:16.104,16.123 1 0
project-management-platform/internal/testutils/mock_dependencies.go:17.98,17.117 1 0
project-management-platform/internal/testutils/mock_dependencies.go:18.130,18.149 1 0
project-management-platform/internal/testutils/mock_dependencies.go:19.110,19.129 1 0
project-management-platform/internal/testutils/mock_dependencies.go:20.119,20.138 1 0
project-management-platform/internal/testutils/mock_dependencies.go:21.92,21.109 1 0
project-management-platform/internal/testutils/mock_dependencies.go:22.96,22.110 1 0
project-management-platform/internal/testutils/mock_dependencies.go:23.97,23.111 1 0
project-management-platform/internal/testutils/mock_dependencies.go:26.119,26.138 1 0
project-management-platform/internal/testutils/mock_dependencies.go:27.109,27.128 1 0
project-management-platform/internal/testutils/mock_dependencies.go:28.104,28.123 1 0
project-management-platform/internal/testutils/mock_dependencies.go:29.116,29.135 1 0
project-management-platform/internal/testutils/mock_dependencies.go:30.130,30.149 1 0
project-management-platform/internal/testutils/mock_dependencies.go:31.110,31.129 1 0
project-management-platform/internal/testutils/mock_dependencies.go:32.119,32.138 1 0
project-management-platform/internal/testutils/mock_dependencies.go:33.92,33.109 1 0
project-management-platform/internal/testutils/mock_dependencies.go:34.137,34.156 1 0
project-management-platform/internal/testutils/mock_dependencies.go:35.102,35.119 1 0
project-management-platform/internal/testutils/mock_dependencies.go:36.108,36.127 1 0
project-management-platform/internal/testutils/mock_dependencies.go:37.109,37.123 1 0
project-management-platform/internal/testutils/mock_dependencies.go:38.135,38.149 1 0
project-management-platform/internal/testutils/mock_dependencies.go:39.104,39.118 1 0
project-management-platform/internal/testutils/mock_dependencies.go:40.107,40.121 1 0
project-management-platform/internal/testutils/mock_dependencies.go:41.103,41.117 1 0
project-management-platform/internal/testutils/mock_dependencies.go:42.106,42.120 1 0
project-management-platform/internal/testutils/mock_dependencies.go:43.116,43.135 1 0
project-management-platform/internal/testutils/mock_dependencies.go:46.112,46.131 1 0
project-management-platform/internal/testutils/mock_dependencies.go:47.106,47.125 1 0
project-management-platform/internal/testutils/mock_dependencies.go:48.126,48.145 1 0
project-management-platform/internal/testutils/mock_dependencies.go:49.131,49.150 1 0
project-management-platform/internal/testutils/mock_dependencies.go:50.111,50.130 1 0
project-management-platform/internal/testutils/mock_dependencies.go:51.121,51.140 1 0
project-management-platform/internal/testutils/mock_dependencies.go:52.93,52.110 1 0
project-management-platform/internal/testutils/mock_dependencies.go:53.139,53.158 1 0
project-management-platform/internal/testutils/mock_dependencies.go:54.103,54.120 1 0
project-management-platform/internal/testutils/mock_dependencies.go:55.109,55.128 1 0
project-management-platform/internal/testutils/mock_dependencies.go:56.123,56.137 1 0
project-management-platform/internal/testutils/mock_dependencies.go:57.143,57.157 1 0
project-management-platform/internal/testutils/mock_dependencies.go:58.116,58.130 1 0
project-management-platform/internal/testutils/mock_dependencies.go:59.131,59.145 1 0
project-management-platform/internal/testutils/mock_dependencies.go:60.138,60.152 1 0
project-management-platform/internal/testutils/mock_dependencies.go:61.129,61.148 1 0
project-management-platform/internal/testutils/mock_dependencies.go:62.130,62.144 1 0
project-management-platform/internal/testutils/mock_dependencies.go:65.124,65.143 1 0
project-management-platform/internal/testutils/mock_dependencies.go:66.114,66.133 1 0
project-management-platform/internal/testutils/mock_dependencies.go:67.124,67.143 1 0
project-management-platform/internal/testutils/mock_dependencies.go:68.135,68.154 1 0
project-management-platform/internal/testutils/mock_dependencies.go:69.115,69.134 1 0
project-management-platform/internal/testutils/mock_dependencies.go:70.129,70.148 1 0
project-management-platform/internal/testutils/mock_dependencies.go:71.97,71.114 1 0
project-management-platform/internal/testutils/mock_dependencies.go:72.125,72.139 1 0
project-management-platform/internal/testutils/mock_dependencies.go:73.115,73.129 1 0
project-management-platform/internal/testutils/mock_dependencies.go:74.132,74.146 1 0
project-management-platform/internal/testutils/mock_dependencies.go:75.133,75.152 1 0
project-management-platform/internal/testutils/mock_dependencies.go:78.70,78.84 1 0
project-management-platform/internal/testutils/mock_dependencies.go:79.88,79.102 1 0
project-management-platform/internal/testutils/mock_dependencies.go:80.104,80.118 1 0
project-management-platform/internal/repository/mocks/ActivityRepository.go:24.109,27.19 2 0
project-management-platform/internal/repository/mocks/ActivityRepository.go:27.19,28.51 1 0
project-management-platform/internal/repository/mocks/ActivityRepository.go:31.2,33.92 3 0
project-management-platform/internal/repository/mocks/ActivityRepository.go:33.92,35.3 1 0
project-management-platform/internal/repository/mocks/ActivityRepository.go:36.2,36.83 1 0
project-management-platform/internal/repository/mocks/ActivityRepository.go:36.83,38.3 1 0
project-management-platform/internal/repository/mocks/ActivityRepository.go:38.8,39.24 1 0
project-management-platform/internal/repository/mocks/ActivityRepository.go:39.24,41.4 1 0
project-management-platform/internal/repository/mocks/ActivityRepository.go:44.2,44.75 1 0
project-management-platform/internal/repository/mocks/ActivityRepository.go:44.75,46.3 1 0
project-management-platform/internal/repository/mocks/ActivityRepository.go:46.8,48.3 1 0
project-management-platform/internal/repository/mocks/ActivityRepository.go:50.2,50.15 1 0
project-management-platform/internal/repository/mocks/ActivityRepository.go:54.93,57.19 2 0
project-management-platform/internal/repository/mocks/ActivityRepository.go:57.19,58.47 1 0
project-management-platform/internal/repository/mocks/ActivityRepository.go:61.2,63.82 3 0
project-management-platform/internal/repository/mocks/ActivityRepository.go:63.82,65.3 1 0
project-management-platform/internal/repository/mocks/ActivityRepository.go:66.2,66.73 1 0
project-management-platform/internal/repository/mocks/ActivityRepository.go:66.73,68.3 1 0
project-management-platform/internal/repository/mocks/ActivityRepository.go:68.8,70.3 1 0
project-management-platform/internal/repository/mocks/ActivityRepository.go:72.2,72.73 1 0
project-management-platform/internal/repository/mocks/ActivityRepository.go:72.73,74.3 1 0
project-management-platform/internal/repository/mocks/ActivityRepository.go:74.8,76.3 1 0
project-management-platform/internal/repository/mocks/ActivityRepository.go:78.2,78.15 1 0
project-management-platform/internal/repository/mocks/ActivityRepository.go:82.103,85.19 2 0
project-management-platform/internal/repository/mocks/ActivityRepository.go:85.19,86.57 1 0
project-management-platform/internal/repository/mocks/ActivityRepository.go:89.2,91.82 3 0
project-management-platform/internal/repository/mocks/ActivityRepository.go:91.82,93.3 1 0
project-management-platform/internal/repository/mocks/ActivityRepository.go:94.2,94.73 1 0
project-management-platform/internal/repository/mocks/ActivityRepository.go:94.73,96.3 1 0
project-management-platform/internal/repository/mocks/ActivityRepository.go:96.8,98.3 1 0
project-management-platform/internal/repository/mocks/ActivityRepository.go:100.2,100.73 1 0
project-management-platform/internal/repository/mocks/ActivityRepository.go:100.73,102.3 1 0
project-management-platform/internal/repository/mocks/ActivityRepository.go:102.8,104.3 1 0
project-management-platform/internal/repository/mocks/ActivityRepository.go:106.2,106.15 1 0
project-management-platform/internal/repository/mocks/ActivityRepository.go:110.118,113.19 2 0
project-management-platform/internal/repository/mocks/ActivityRepository.go:113.19,114.48 1 0
project-management-platform/internal/repository/mocks/ActivityRepository.go:117.2,119.104 3 0
project-management-platform/internal/repository/mocks/ActivityRepository.go:119.104,121.3 1 0
project-management-platform/internal/repository/mocks/ActivityRepository.go:122.2,122.95 1 0
project-management-platform/internal/repository/mocks/ActivityRepository.go:122.95,124.3 1 0
project-management-platform/internal/repository/mocks/ActivityRepository.go:124.8,125.24 1 0
project-management-platform/internal/repository/mocks/ActivityRepository.go:125.24,127.4 1 0
project-management-platform/internal/repository/mocks/ActivityRepository.go:130.2,130.78 1 0
project-management-platform/internal/repository/mocks/ActivityRepository.go:130.78,132.3 1 0
project-management-platform/internal/repository/mocks/ActivityRepository.go:132.8,134.3 1 0
project-management-platform/internal/repository/mocks/ActivityRepository.go:136.2,136.15 1 0
project-management-platform/internal/repository/mocks/ActivityRepository.go:140.111,143.19 2 0
project-management-platform/internal/repository/mocks/ActivityRepository.go:143.19,144.48 1 0
project-management-platform/internal/repository/mocks/ActivityRepository.go:147.2,149.103 3 0
project-management-platform/internal/repository/mocks/ActivityRepository.go:149.103,151.3 1 0
project-management-platform/internal/repository/mocks/ActivityRepository.go:152.2,152.94 1 0
project-management-platform/internal/repository/mocks/ActivityRepository.go:152.94,154.3 1 0
project-management-platform/internal/repository/mocks/ActivityRepository.go:154.8,155.24 1 0
project-management-platform/internal/repository/mocks/ActivityRepository.go:155.24,157.4 1 0
project-management-platform/internal/repository/mocks/ActivityRepository.go:160.2,160.80 1 0
project-management-platform/internal/repository/mocks/ActivityRepository.go:160.80,162.3 1 0
project-management-platform/internal/repository/mocks/ActivityRepository.go:162.8,164.3 1 0
project-management-platform/internal/repository/mocks/ActivityRepository.go:166.2,166.15 1 0
project-management-platform/internal/repository/mocks/ActivityRepository.go:170.146,173.19 2 0
project-management-platform/internal/repository/mocks/ActivityRepository.go:173.19,174.58 1 0
project-management-platform/internal/repository/mocks/ActivityRepository.go:177.2,179.111 3 0
project-management-platform/internal/repository/mocks/ActivityRepository.go:179.111,181.3 1 0
project-management-platform/internal/repository/mocks/ActivityRepository.go:182.2,182.102 1 0
project-management-platform/internal/repository/mocks/ActivityRepository.go:182.102,184.3 1 0
project-management-platform/internal/repository/mocks/ActivityRepository.go:184.8,185.24 1 0
project-management-platform/internal/repository/mocks/ActivityRepository.go:185.24,187.4 1 0
project-management-platform/internal/repository/mocks/ActivityRepository.go:190.2,190.88 1 0
project-management-platform/internal/repository/mocks/ActivityRepository.go:190.88,192.3 1 0
project-management-platform/internal/repository/mocks/ActivityRepository.go:192.8,194.3 1 0
project-management-platform/internal/repository/mocks/ActivityRepository.go:196.2,196.15 1 0
project-management-platform/internal/repository/mocks/ActivityRepository.go:200.142,203.19 2 0
project-management-platform/internal/repository/mocks/ActivityRepository.go:203.19,204.56 1 0
project-management-platform/internal/repository/mocks/ActivityRepository.go:207.2,209.117 3 0
project-management-platform/internal/repository/mocks/ActivityRepository.go:209.117,211.3 1 0
project-management-platform/internal/repository/mocks/ActivityRepository.go:212.2,212.108 1 0
project-management-platform/internal/repository/mocks/ActivityRepository.go:212.108,214.3 1 0
project-management-platform/internal/repository/mocks/ActivityRepository.go:214.8,215.24 1 0
project-management-platform/internal/repository/mocks/ActivityRepository.go:215.24,217.4 1 0
project-management-platform/internal/repository/mocks/ActivityRepository.go:220.2,220.95 1 0
project-management-platform/internal/repository/mocks/ActivityRepository.go:220.95,222.3 1 0
project-management-platform/internal/repository/mocks/ActivityRepository.go:222.8,224.3 1 0
project-management-platform/internal/repository/mocks/ActivityRepository.go:226.2,226.15 1 0
project-management-platform/internal/repository/mocks/ActivityRepository.go:230.167,233.19 2 0
project-management-platform/internal/repository/mocks/ActivityRepository.go:233.19,234.55 1 0
project-management-platform/internal/repository/mocks/ActivityRepository.go:237.2,239.124 3 0
project-management-platform/internal/repository/mocks/ActivityRepository.go:239.124,241.3 1 0
project-management-platform/internal/repository/mocks/ActivityRepository.go:242.2,242.115 1 0
project-management-platform/internal/repository/mocks/ActivityRepository.go:242.115,244.3 1 0
project-management-platform/internal/repository/mocks/ActivityRepository.go:244.8,245.24 1 0
project-management-platform/internal/repository/mocks/ActivityRepository.go:245.24,247.4 1 0
project-management-platform/internal/repository/mocks/ActivityRepository.go:250.2,250.102 1 0
project-management-platform/internal/repository/mocks/ActivityRepository.go:250.102,252.3 1 0
project-management-platform/internal/repository/mocks/ActivityRepository.go:252.8,254.3 1 0
project-management-platform/internal/repository/mocks/ActivityRepository.go:256.2,256.15 1 0
project-management-platform/internal/repository/mocks/ActivityRepository.go:260.109,263.19 2 0
project-management-platform/internal/repository/mocks/ActivityRepository.go:263.19,264.49 1 0
project-management-platform/internal/repository/mocks/ActivityRepository.go:267.2,269.100 3 0
project-management-platform/internal/repository/mocks/ActivityRepository.go:269.100,271.3 1 0
project-management-platform/internal/repository/mocks/ActivityRepository.go:272.2,272.91 1 0
project-management-platform/internal/repository/mocks/ActivityRepository.go:272.91,274.3 1 0
project-management-platform/internal/repository/mocks/ActivityRepository.go:274.8,275.24 1 0
project-management-platform/internal/repository/mocks/ActivityRepository.go:275.24,277.4 1 0
project-management-platform/internal/repository/mocks/ActivityRepository.go:280.2,280.80 1 0
project-management-platform/internal/repository/mocks/ActivityRepository.go:280.80,282.3 1 0
project-management-platform/internal/repository/mocks/ActivityRepository.go:282.8,284.3 1 0
project-management-platform/internal/repository/mocks/ActivityRepository.go:286.2,286.15 1 0
project-management-platform/internal/repository/mocks/ActivityRepository.go:290.144,293.19 2 0
project-management-platform/internal/repository/mocks/ActivityRepository.go:293.19,294.53 1 0
project-management-platform/internal/repository/mocks/ActivityRepository.go:297.2,299.116 3 0
project-management-platform/internal/repository/mocks/ActivityRepository.go:299.116,301.3 1 0
project-management-platform/internal/repository/mocks/ActivityRepository.go:302.2,302.107 1 0
project-management-platform/internal/repository/mocks/ActivityRepository.go:302.107,304.3 1 0
project-management-platform/internal/repository/mocks/ActivityRepository.go:304.8,305.24 1 0
project-management-platform/internal/repository/mocks/ActivityRepository.go:305.24,307.4 1 0
project-management-platform/internal/repository/mocks/ActivityRepository.go:310.2,310.94 1 0
project-management-platform/internal/repository/mocks/ActivityRepository.go:310.94,312.3 1 0
project-management-platform/internal/repository/mocks/ActivityRepository.go:312.8,314.3 1 0
project-management-platform/internal/repository/mocks/ActivityRepository.go:316.2,316.15 1 0
project-management-platform/internal/repository/mocks/ActivityRepository.go:320.154,323.19 2 0
project-management-platform/internal/repository/mocks/ActivityRepository.go:323.19,324.58 1 0
project-management-platform/internal/repository/mocks/ActivityRepository.go:327.2,329.116 3 0
project-management-platform/internal/repository/mocks/ActivityRepository.go:329.116,331.3 1 0
project-management-platform/internal/repository/mocks/ActivityRepository.go:332.2,332.107 1 0
project-management-platform/internal/repository/mocks/ActivityRepository.go:332.107,334.3 1 0
project-management-platform/internal/repository/mocks/ActivityRepository.go:334.8,335.24 1 0
project-management-platform/internal/repository/mocks/ActivityRepository.go:335.24,337.4 1 0
project-management-platform/internal/repository/mocks/ActivityRepository.go:340.2,340.94 1 0
project-management-platform/internal/repository/mocks/ActivityRepository.go:340.94,342.3 1 0
project-management-platform/internal/repository/mocks/ActivityRepository.go:342.8,344.3 1 0
project-management-platform/internal/repository/mocks/ActivityRepository.go:346.2,346.15 1 0
project-management-platform/internal/repository/mocks/ActivityRepository.go:350.154,353.19 2 0
project-management-platform/internal/repository/mocks/ActivityRepository.go:353.19,354.59 1 0
project-management-platform/internal/repository/mocks/ActivityRepository.go:357.2,359.114 3 0
project-management-platform/internal/repository/mocks/ActivityRepository.go:359.114,361.3 1 0
project-management-platform/internal/repository/mocks/ActivityRepository.go:362.2,362.105 1 0
project-management-platform/internal/repository/mocks/ActivityRepository.go:362.105,364.3 1 0
project-management-platform/internal/repository/mocks/ActivityRepository.go:364.8,365.24 1 0
project-management-platform/internal/repository/mocks/ActivityRepository.go:365.24,367.4 1 0
project-management-platform/internal/repository/mocks/ActivityRepository.go:370.2,370.92 1 0
project-management-platform/internal/repository/mocks/ActivityRepository.go:370.92,372.3 1 0
project-management-platform/internal/repository/mocks/ActivityRepository.go:372.8,374.3 1 0
project-management-platform/internal/repository/mocks/ActivityRepository.go:376.2,376.15 1 0
project-management-platform/internal/repository/mocks/ActivityRepository.go:380.130,383.19 2 0
project-management-platform/internal/repository/mocks/ActivityRepository.go:383.19,384.46 1 0
project-management-platform/internal/repository/mocks/ActivityRepository.go:387.2,389.109 3 0
project-management-platform/internal/repository/mocks/ActivityRepository.go:389.109,391.3 1 0
project-management-platform/internal/repository/mocks/ActivityRepository.go:392.2,392.100 1 0
project-management-platform/internal/repository/mocks/ActivityRepository.go:392.100,394.3 1 0
project-management-platform/internal/repository/mocks/ActivityRepository.go:394.8,395.24 1 0
project-management-platform/internal/repository/mocks/ActivityRepository.go:395.24,397.4 1 0
project-management-platform/internal/repository/mocks/ActivityRepository.go:400.2,400.87 1 0
project-management-platform/internal/repository/mocks/ActivityRepository.go:400.87,402.3 1 0
project-management-platform/internal/repository/mocks/ActivityRepository.go:402.8,404.3 1 0
project-management-platform/internal/repository/mocks/ActivityRepository.go:406.2,406.15 1 0
project-management-platform/internal/repository/mocks/ActivityRepository.go:414.24,418.19 3 0
project-management-platform/internal/repository/mocks/ActivityRepository.go:418.19,418.49 1 0
project-management-platform/internal/repository/mocks/ActivityRepository.go:420.2,420.13 1 0
project-management-platform/internal/repository/mocks/BoardRepository.go:24.120,27.19 2 0
project-management-platform/internal/repository/mocks/BoardRepository.go:27.19,28.51 1 0
project-management-platform/internal/repository/mocks/BoardRepository.go:31.2,32.100 2 0
project-management-platform/internal/repository/mocks/BoardRepository.go:32.100,34.3 1 0
project-management-platform/internal/repository/mocks/BoardRepository.go:34.8,36.3 1 0
project-management-platform/internal/repository/mocks/BoardRepository.go:38.2,38.11 1 0
project-management-platform/internal/repository/mocks/BoardRepository.go:42.106,45.19 2 0
project-management-platform/internal/repository/mocks/BoardRepository.go:45.19,46.51 1 0
project-management-platform/internal/repository/mocks/BoardRepository.go:49.2,51.92 3 0
project-management-platform/internal/repository/mocks/BoardRepository.go:51.92,53.3 1 0
project-management-platform/internal/repository/mocks/BoardRepository.go:54.2,54.83 1 0
project-management-platform/internal/repository/mocks/BoardRepository.go:54.83,56.3 1 0
project-management-platform/internal/repository/mocks/BoardRepository.go:56.8,57.24 1 0
project-management-platform/internal/repository/mocks/BoardRepository.go:57.24,59.4 1 0
project-management-platform/internal/repository/mocks/BoardRepository.go:62.2,62.75 1 0
project-management-platform/internal/repository/mocks/BoardRepository.go:62.75,64.3 1 0
project-management-platform/internal/repository/mocks/BoardRepository.go:64.8,66.3 1 0
project-management-platform/internal/repository/mocks/BoardRepository.go:68.2,68.15 1 0
project-management-platform/internal/repository/mocks/BoardRepository.go:72.90,75.19 2 0
project-management-platform/internal/repository/mocks/BoardRepository.go:75.19,76.47 1 0
project-management-platform/internal/repository/mocks/BoardRepository.go:79.2,81.82 3 0
project-management-platform/internal/repository/mocks/BoardRepository.go:81.82,83.3 1 0
project-management-platform/internal/repository/mocks/BoardRepository.go:84.2,84.73 1 0
project-management-platform/internal/repository/mocks/BoardRepository.go:84.73,86.3 1 0
project-management-platform/internal/repository/mocks/BoardRepository.go:86.8,88.3 1 0
project-management-platform/internal/repository/mocks/BoardRepository.go:90.2,90.73 1 0
project-management-platform/internal/repository/mocks/BoardRepository.go:90.73,92.3 1 0
project-management-platform/internal/repository/mocks/BoardRepository.go:92.8,94.3 1 0
project-management-platform/internal/repository/mocks/BoardRepository.go:96.2,96.15 1 0
project-management-platform/internal/repository/mocks/BoardRepository.go:100.100,103.19 2 0
project-management-platform/internal/repository/mocks/BoardRepository.go:103.19,104.57 1 0
project-management-platform/internal/repository/mocks/BoardRepository.go:107.2,109.82 3 0
project-management-platform/internal/repository/mocks/BoardRepository.go:109.82,111.3 1 0
project-management-platform/internal/repository/mocks/BoardRepository.go:112.2,112.73 1 0
project-management-platform/internal/repository/mocks/BoardRepository.go:112.73,114.3 1 0
project-management-platform/internal/repository/mocks/BoardRepository.go:114.8,116.3 1 0
project-management-platform/internal/repository/mocks/BoardRepository.go:118.2,118.73 1 0
project-management-platform/internal/repository/mocks/BoardRepository.go:118.73,120.3 1 0
project-management-platform/internal/repository/mocks/BoardRepository.go:120.8,122.3 1 0
project-management-platform/internal/repository/mocks/BoardRepository.go:124.2,124.15 1 0
project-management-platform/internal/repository/mocks/BoardRepository.go:128.109,131.19 2 0
project-management-platform/internal/repository/mocks/BoardRepository.go:131.19,132.48 1 0
project-management-platform/internal/repository/mocks/BoardRepository.go:135.2,137.101 3 0
project-management-platform/internal/repository/mocks/BoardRepository.go:137.101,139.3 1 0
project-management-platform/internal/repository/mocks/BoardRepository.go:140.2,140.92 1 0
project-management-platform/internal/repository/mocks/BoardRepository.go:140.92,142.3 1 0
project-management-platform/internal/repository/mocks/BoardRepository.go:142.8,143.24 1 0
project-management-platform/internal/repository/mocks/BoardRepository.go:143.24,145.4 1 0
project-management-platform/internal/repository/mocks/BoardRepository.go:148.2,148.75 1 0
project-management-platform/internal/repository/mocks/BoardRepository.go:148.75,150.3 1 0
project-management-platform/internal/repository/mocks/BoardRepository.go:150.8,152.3 1 0
project-management-platform/internal/repository/mocks/BoardRepository.go:154.2,154.15 1 0
project-management-platform/internal/repository/mocks/BoardRepository.go:158.108,161.19 2 0
project-management-platform/internal/repository/mocks/BoardRepository.go:161.19,162.48 1 0
project-management-platform/internal/repository/mocks/BoardRepository.go:165.2,167.103 3 0
project-management-platform/internal/repository/mocks/BoardRepository.go:167.103,169.3 1 0
project-management-platform/internal/repository/mocks/BoardRepository.go:170.2,170.94 1 0
project-management-platform/internal/repository/mocks/BoardRepository.go:170.94,172.3 1 0
project-management-platform/internal/repository/mocks/BoardRepository.go:172.8,173.24 1 0
project-management-platform/internal/repository/mocks/BoardRepository.go:173.24,175.4 1 0
project-management-platform/internal/repository/mocks/BoardRepository.go:178.2,178.80 1 0
project-management-platform/internal/repository/mocks/BoardRepository.go:178.80,180.3 1 0
project-management-platform/internal/repository/mocks/BoardRepository.go:180.8,182.3 1 0
project-management-platform/internal/repository/mocks/BoardRepository.go:184.2,184.15 1 0
project-management-platform/internal/repository/mocks/BoardRepository.go:188.136,191.19 2 0
project-management-platform/internal/repository/mocks/BoardRepository.go:191.19,192.56 1 0
project-management-platform/internal/repository/mocks/BoardRepository.go:195.2,197.114 3 0
project-management-platform/internal/repository/mocks/BoardRepository.go:197.114,199.3 1 0
project-management-platform/internal/repository/mocks/BoardRepository.go:200.2,200.105 1 0
project-management-platform/internal/repository/mocks/BoardRepository.go:200.105,202.3 1 0
project-management-platform/internal/repository/mocks/BoardRepository.go:202.8,203.24 1 0
project-management-platform/internal/repository/mocks/BoardRepository.go:203.24,205.4 1 0
project-management-platform/internal/repository/mocks/BoardRepository.go:208.2,208.95 1 0
project-management-platform/internal/repository/mocks/BoardRepository.go:208.95,210.3 1 0
project-management-platform/internal/repository/mocks/BoardRepository.go:210.8,212.3 1 0
project-management-platform/internal/repository/mocks/BoardRepository.go:214.2,214.15 1 0
project-management-platform/internal/repository/mocks/BoardRepository.go:218.103,221.19 2 0
project-management-platform/internal/repository/mocks/BoardRepository.go:221.19,222.49 1 0
project-management-platform/internal/repository/mocks/BoardRepository.go:225.2,227.97 3 0
project-management-platform/internal/repository/mocks/BoardRepository.go:227.97,229.3 1 0
project-management-platform/internal/repository/mocks/BoardRepository.go:230.2,230.88 1 0
project-management-platform/internal/repository/mocks/BoardRepository.go:230.88,232.3 1 0
project-management-platform/internal/repository/mocks/BoardRepository.go:232.8,233.24 1 0
project-management-platform/internal/repository/mocks/BoardRepository.go:233.24,235.4 1 0
project-management-platform/internal/repository/mocks/BoardRepository.go:238.2,238.80 1 0
project-management-platform/internal/repository/mocks/BoardRepository.go:238.80,240.3 1 0
project-management-platform/internal/repository/mocks/BoardRepository.go:240.8,242.3 1 0
project-management-platform/internal/repository/mocks/BoardRepository.go:244.2,244.15 1 0
project-management-platform/internal/repository/mocks/BoardRepository.go:248.123,251.19 2 0
project-management-platform/internal/repository/mocks/BoardRepository.go:251.19,252.58 1 0
project-management-platform/internal/repository/mocks/BoardRepository.go:255.2,257.99 3 0
project-management-platform/internal/repository/mocks/BoardRepository.go:257.99,259.3 1 0
project-management-platform/internal/repository/mocks/BoardRepository.go:260.2,260.90 1 0
project-management-platform/internal/repository/mocks/BoardRepository.go:260.90,262.3 1 0
project-management-platform/internal/repository/mocks/BoardRepository.go:262.8,263.24 1 0
project-management-platform/internal/repository/mocks/BoardRepository.go:263.24,265.4 1 0
project-management-platform/internal/repository/mocks/BoardRepository.go:268.2,268.80 1 0
project-management-platform/internal/repository/mocks/BoardRepository.go:268.80,270.3 1 0
project-management-platform/internal/repository/mocks/BoardRepository.go:270.8,272.3 1 0
project-management-platform/internal/repository/mocks/BoardRepository.go:274.2,274.15 1 0
project-management-platform/internal/repository/mocks/BoardRepository.go:278.126,281.19 2 0
project-management-platform/internal/repository/mocks/BoardRepository.go:281.19,282.56 1 0
project-management-platform/internal/repository/mocks/BoardRepository.go:285.2,287.108 3 0
project-management-platform/internal/repository/mocks/BoardRepository.go:287.108,289.3 1 0
project-management-platform/internal/repository/mocks/BoardRepository.go:290.2,290.99 1 0
project-management-platform/internal/repository/mocks/BoardRepository.go:290.99,292.3 1 0
project-management-platform/internal/repository/mocks/BoardRepository.go:292.8,293.24 1 0
project-management-platform/internal/repository/mocks/BoardRepository.go:293.24,295.4 1 0
project-management-platform/internal/repository/mocks/BoardRepository.go:298.2,298.80 1 0
project-management-platform/internal/repository/mocks/BoardRepository.go:298.80,300.3 1 0
project-management-platform/internal/repository/mocks/BoardRepository.go:300.8,302.3 1 0
project-management-platform/internal/repository/mocks/BoardRepository.go:304.2,304.15 1 0
project-management-platform/internal/repository/mocks/BoardRepository.go:308.124,311.19 2 0
project-management-platform/internal/repository/mocks/BoardRepository.go:311.19,312.46 1 0
project-management-platform/internal/repository/mocks/BoardRepository.go:315.2,317.106 3 0
project-management-platform/internal/repository/mocks/BoardRepository.go:317.106,319.3 1 0
project-management-platform/internal/repository/mocks/BoardRepository.go:320.2,320.97 1 0
project-management-platform/internal/repository/mocks/BoardRepository.go:320.97,322.3 1 0
project-management-platform/internal/repository/mocks/BoardRepository.go:322.8,323.24 1 0
project-management-platform/internal/repository/mocks/BoardRepository.go:323.24,325.4 1 0
project-management-platform/internal/repository/mocks/BoardRepository.go:328.2,328.87 1 0
project-management-platform/internal/repository/mocks/BoardRepository.go:328.87,330.3 1 0
project-management-platform/internal/repository/mocks/BoardRepository.go:330.8,332.3 1 0
project-management-platform/internal/repository/mocks/BoardRepository.go:334.2,334.15 1 0
project-management-platform/internal/repository/mocks/BoardRepository.go:338.113,341.19 2 0
project-management-platform/internal/repository/mocks/BoardRepository.go:341.19,342.54 1 0
project-management-platform/internal/repository/mocks/BoardRepository.go:345.2,346.88 2 0
project-management-platform/internal/repository/mocks/BoardRepository.go:346.88,348.3 1 0
project-management-platform/internal/repository/mocks/BoardRepository.go:348.8,350.3 1 0
project-management-platform/internal/repository/mocks/BoardRepository.go:352.2,352.11 1 0
project-management-platform/internal/repository/mocks/BoardRepository.go:356.127,359.19 2 0
project-management-platform/internal/repository/mocks/BoardRepository.go:359.19,360.58 1 0
project-management-platform/internal/repository/mocks/BoardRepository.go:363.2,364.100 2 0
project-management-platform/internal/repository/mocks/BoardRepository.go:364.100,366.3 1 0
project-management-platform/internal/repository/mocks/BoardRepository.go:366.8,368.3 1 0
project-management-platform/internal/repository/mocks/BoardRepository.go:370.2,370.11 1 0
project-management-platform/internal/repository/mocks/BoardRepository.go:374.128,377.19 2 0
project-management-platform/internal/repository/mocks/BoardRepository.go:377.19,378.56 1 0
project-management-platform/internal/repository/mocks/BoardRepository.go:381.2,382.102 2 0
project-management-platform/internal/repository/mocks/BoardRepository.go:382.102,384.3 1 0
project-management-platform/internal/repository/mocks/BoardRepository.go:384.8,386.3 1 0
project-management-platform/internal/repository/mocks/BoardRepository.go:388.2,388.11 1 0
project-management-platform/internal/repository/mocks/BoardRepository.go:392.128,395.19 2 0
project-management-platform/internal/repository/mocks/BoardRepository.go:395.19,396.48 1 0
project-management-platform/internal/repository/mocks/BoardRepository.go:399.2,401.116 3 0
project-management-platform/internal/repository/mocks/BoardRepository.go:401.116,403.3 1 0
project-management-platform/internal/repository/mocks/BoardRepository.go:404.2,404.107 1 0
project-management-platform/internal/repository/mocks/BoardRepository.go:404.107,406.3 1 0
project-management-platform/internal/repository/mocks/BoardRepository.go:406.8,407.24 1 0
project-management-platform/internal/repository/mocks/BoardRepository.go:407.24,409.4 1 0
project-management-platform/internal/repository/mocks/BoardRepository.go:412.2,412.93 1 0
project-management-platform/internal/repository/mocks/BoardRepository.go:412.93,414.3 1 0
project-management-platform/internal/repository/mocks/BoardRepository.go:414.8,416.3 1 0
project-management-platform/internal/repository/mocks/BoardRepository.go:418.2,418.15 1 0
project-management-platform/internal/repository/mocks/BoardRepository.go:422.140,425.19 2 0
project-management-platform/internal/repository/mocks/BoardRepository.go:425.19,426.54 1 0
project-management-platform/internal/repository/mocks/BoardRepository.go:429.2,430.108 2 0
project-management-platform/internal/repository/mocks/BoardRepository.go:430.108,432.3 1 0
project-management-platform/internal/repository/mocks/BoardRepository.go:432.8,434.3 1 0
project-management-platform/internal/repository/mocks/BoardRepository.go:436.2,436.11 1 0
project-management-platform/internal/repository/mocks/BoardRepository.go:440.135,443.19 2 0
project-management-platform/internal/repository/mocks/BoardRepository.go:443.19,444.58 1 0
project-management-platform/internal/repository/mocks/BoardRepository.go:447.2,448.104 2 0
project-management-platform/internal/repository/mocks/BoardRepository.go:448.104,450.3 1 0
project-management-platform/internal/repository/mocks/BoardRepository.go:450.8,452.3 1 0
project-management-platform/internal/repository/mocks/BoardRepository.go:454.2,454.11 1 0
project-management-platform/internal/repository/mocks/BoardRepository.go:462.21,466.19 3 0
project-management-platform/internal/repository/mocks/BoardRepository.go:466.19,466.49 1 0
project-management-platform/internal/repository/mocks/BoardRepository.go:468.2,468.13 1 0
project-management-platform/internal/repository/mocks/CommentRepository.go:24.125,27.19 2 0
project-management-platform/internal/repository/mocks/CommentRepository.go:27.19,28.52 1 0
project-management-platform/internal/repository/mocks/CommentRepository.go:31.2,32.100 2 0
project-management-platform/internal/repository/mocks/CommentRepository.go:32.100,34.3 1 0
project-management-platform/internal/repository/mocks/CommentRepository.go:34.8,36.3 1 0
project-management-platform/internal/repository/mocks/CommentRepository.go:38.2,38.11 1 0
project-management-platform/internal/repository/mocks/CommentRepository.go:42.108,45.19 2 0
project-management-platform/internal/repository/mocks/CommentRepository.go:45.19,46.51 1 0
project-management-platform/internal/repository/mocks/CommentRepository.go:49.2,51.92 3 0
project-management-platform/internal/repository/mocks/CommentRepository.go:51.92,53.3 1 0
project-management-platform/internal/repository/mocks/CommentRepository.go:54.2,54.83 1 0
project-management-platform/internal/repository/mocks/CommentRepository.go:54.83,56.3 1 0
project-management-platform/internal/repository/mocks/CommentRepository.go:56.8,57.24 1 0
project-management-platform/internal/repository/mocks/CommentRepository.go:57.24,59.4 1 0
project-management-platform/internal/repository/mocks/CommentRepository.go:62.2,62.75 1 0
project-management-platform/internal/repository/mocks/CommentRepository.go:62.75,64.3 1 0
project-management-platform/internal/repository/mocks/CommentRepository.go:64.8,66.3 1 0
project-management-platform/internal/repository/mocks/CommentRepository.go:68.2,68.15 1 0
project-management-platform/internal/repository/mocks/CommentRepository.go:72.92,75.19 2 0
project-management-platform/internal/repository/mocks/CommentRepository.go:75.19,76.47 1 0
project-management-platform/internal/repository/mocks/CommentRepository.go:79.2,81.82 3 0
project-management-platform/internal/repository/mocks/CommentRepository.go:81.82,83.3 1 0
project-management-platform/internal/repository/mocks/CommentRepository.go:84.2,84.73 1 0
project-management-platform/internal/repository/mocks/CommentRepository.go:84.73,86.3 1 0
project-management-platform/internal/repository/mocks/CommentRepository.go:86.8,88.3 1 0
project-management-platform/internal/repository/mocks/CommentRepository.go:90.2,90.73 1 0
project-management-platform/internal/repository/mocks/CommentRepository.go:90.73,92.3 1 0
project-management-platform/internal/repository/mocks/CommentRepository.go:92.8,94.3 1 0
project-management-platform/internal/repository/mocks/CommentRepository.go:96.2,96.15 1 0
project-management-platform/internal/repository/mocks/CommentRepository.go:100.102,103.19 2 0
project-management-platform/internal/repository/mocks/CommentRepository.go:103.19,104.57 1 0
project-management-platform/internal/repository/mocks/CommentRepository.go:107.2,109.82 3 0
project-management-platform/internal/repository/mocks/CommentRepository.go:109.82,111.3 1 0
project-management-platform/internal/repository/mocks/CommentRepository.go:112.2,112.73 1 0
project-management-platform/internal/repository/mocks/CommentRepository.go:112.73,114.3 1 0
project-management-platform/internal/repository/mocks/CommentRepository.go:114.8,116.3 1 0
project-management-platform/internal/repository/mocks/CommentRepository.go:118.2,118.73 1 0
project-management-platform/internal/repository/mocks/CommentRepository.go:118.73,120.3 1 0
project-management-platform/internal/repository/mocks/CommentRepository.go:120.8,122.3 1 0
project-management-platform/internal/repository/mocks/CommentRepository.go:124.2,124.15 1 0
project-management-platform/internal/repository/mocks/CommentRepository.go:128.115,131.19 2 0
project-management-platform/internal/repository/mocks/CommentRepository.go:131.19,132.48 1 0
project-management-platform/internal/repository/mocks/CommentRepository.go:135.2,137.103 3 0
project-management-platform/internal/repository/mocks/CommentRepository.go:137.103,139.3 1 0
project-management-platform/internal/repository/mocks/CommentRepository.go:140.2,140.94 1 0
project-management-platform/internal/repository/mocks/CommentRepository.go:140.94,142.3 1 0
project-management-platform/internal/repository/mocks/CommentRepository.go:142.8,143.24 1 0
project-management-platform/internal/repository/mocks/CommentRepository.go:143.24,145.4 1 0
project-management-platform/internal/repository/mocks/CommentRepository.go:148.2,148.77 1 0
project-management-platform/internal/repository/mocks/CommentRepository.go:148.77,150.3 1 0
project-management-platform/internal/repository/mocks/CommentRepository.go:150.8,152.3 1 0
project-management-platform/internal/repository/mocks/CommentRepository.go:154.2,154.15 1 0
project-management-platform/internal/repository/mocks/CommentRepository.go:158.110,161.19 2 0
project-management-platform/internal/repository/mocks/CommentRepository.go:161.19,162.48 1 0
project-management-platform/internal/repository/mocks/CommentRepository.go:165.2,167.103 3 0
project-management-platform/internal/repository/mocks/CommentRepository.go:167.103,169.3 1 0
project-management-platform/internal/repository/mocks/CommentRepository.go:170.2,170.94 1 0
project-management-platform/internal/repository/mocks/CommentRepository.go:170.94,172.3 1 0
project-management-platform/internal/repository/mocks/CommentRepository.go:172.8,173.24 1 0
project-management-platform/internal/repository/mocks/CommentRepository.go:173.24,175.4 1 0
project-management-platform/internal/repository/mocks/CommentRepository.go:178.2,178.80 1 0
project-management-platform/internal/repository/mocks/CommentRepository.go:178.80,180.3 1 0
project-management-platform/internal/repository/mocks/CommentRepository.go:180.8,182.3 1 0
project-management-platform/internal/repository/mocks/CommentRepository.go:184.2,184.15 1 0
project-management-platform/internal/repository/mocks/CommentRepository.go:188.140,191.19 2 0
project-management-platform/internal/repository/mocks/CommentRepository.go:191.19,192.56 1 0
project-management-platform/internal/repository/mocks/CommentRepository.go:195.2,197.116 3 0
project-management-platform/internal/repository/mocks/CommentRepository.go:197.116,199.3 1 0
project-management-platform/internal/repository/mocks/CommentRepository.go:200.2,200.107 1 0
project-management-platform/internal/repository/mocks/CommentRepository.go:200.107,202.3 1 0
project-management-platform/internal/repository/mocks/CommentRepository.go:202.8,203.24 1 0
project-management-platform/internal/repository/mocks/CommentRepository.go:203.24,205.4 1 0
project-management-platform/internal/repository/mocks/CommentRepository.go:208.2,208.95 1 0
project-management-platform/internal/repository/mocks/CommentRepository.go:208.95,210.3 1 0
project-management-platform/internal/repository/mocks/CommentRepository.go:210.8,212.3 1 0
project-management-platform/internal/repository/mocks/CommentRepository.go:214.2,214.15 1 0
project-management-platform/internal/repository/mocks/CommentRepository.go:218.119,221.19 2 0
project-management-platform/internal/repository/mocks/CommentRepository.go:221.19,222.53 1 0
project-management-platform/internal/repository/mocks/CommentRepository.go:225.2,227.101 3 0
project-management-platform/internal/repository/mocks/CommentRepository.go:227.101,229.3 1 0
project-management-platform/internal/repository/mocks/CommentRepository.go:230.2,230.92 1 0
project-management-platform/internal/repository/mocks/CommentRepository.go:230.92,232.3 1 0
project-management-platform/internal/repository/mocks/CommentRepository.go:232.8,233.24 1 0
project-management-platform/internal/repository/mocks/CommentRepository.go:233.24,235.4 1 0
project-management-platform/internal/repository/mocks/CommentRepository.go:238.2,238.80 1 0
project-management-platform/internal/repository/mocks/CommentRepository.go:238.80,240.3 1 0
project-management-platform/internal/repository/mocks/CommentRepository.go:240.8,242.3 1 0
project-management-platform/internal/repository/mocks/CommentRepository.go:244.2,244.15 1 0
project-management-platform/internal/repository/mocks/CommentRepository.go:248.107,251.19 2 0
project-management-platform/internal/repository/mocks/CommentRepository.go:251.19,252.49 1 0
project-management-platform/internal/repository/mocks/CommentRepository.go:255.2,257.99 3 0
project-management-platform/internal/repository/mocks/CommentRepository.go:257.99,259.3 1 0
project-management-platform/internal/repository/mocks/CommentRepository.go:260.2,260.90 1 0
project-management-platform/internal/repository/mocks/CommentRepository.go:260.90,262.3 1 0
project-management-platform/internal/repository/mocks/CommentRepository.go:262.8,263.24 1 0
project-management-platform/internal/repository/mocks/CommentRepository.go:263.24,265.4 1 0
project-management-platform/internal/repository/mocks/CommentRepository.go:268.2,268.80 1 0
project-management-platform/internal/repository/mocks/CommentRepository.go:268.80,270.3 1 0
project-management-platform/internal/repository/mocks/CommentRepository.go:270.8,272.3 1 0
project-management-platform/internal/repository/mocks/CommentRepository.go:274.2,274.15 1 0
project-management-platform/internal/repository/mocks/CommentRepository.go:278.117,281.19 2 0
project-management-platform/internal/repository/mocks/CommentRepository.go:281.19,282.53 1 0
project-management-platform/internal/repository/mocks/CommentRepository.go:285.2,287.101 3 0
project-management-platform/internal/repository/mocks/CommentRepository.go:287.101,289.3 1 0
project-management-platform/internal/repository/mocks/CommentRepository.go:290.2,290.92 1 0
project-management-platform/internal/repository/mocks/CommentRepository.go:290.92,292.3 1 0
project-management-platform/internal/repository/mocks/CommentRepository.go:292.8,293.24 1 0
project-management-platform/internal/repository/mocks/CommentRepository.go:293.24,295.4 1 0
project-management-platform/internal/repository/mocks/CommentRepository.go:298.2,298.80 1 0
project-management-platform/internal/repository/mocks/CommentRepository.go:298.80,300.3 1 0
project-management-platform/internal/repository/mocks/CommentRepository.go:300.8,302.3 1 0
project-management-platform/internal/repository/mocks/CommentRepository.go:304.2,304.15 1 0
project-management-platform/internal/repository/mocks/CommentRepository.go:308.118,311.19 2 0
project-management-platform/internal/repository/mocks/CommentRepository.go:311.19,312.52 1 0
project-management-platform/internal/repository/mocks/CommentRepository.go:315.2,317.101 3 0
project-management-platform/internal/repository/mocks/CommentRepository.go:317.101,319.3 1 0
project-management-platform/internal/repository/mocks/CommentRepository.go:320.2,320.92 1 0
project-management-platform/internal/repository/mocks/CommentRepository.go:320.92,322.3 1 0
project-management-platform/internal/repository/mocks/CommentRepository.go:322.8,323.24 1 0
project-management-platform/internal/repository/mocks/CommentRepository.go:323.24,325.4 1 0
project-management-platform/internal/repository/mocks/CommentRepository.go:328.2,328.80 1 0
project-management-platform/internal/repository/mocks/CommentRepository.go:328.80,330.3 1 0
project-management-platform/internal/repository/mocks/CommentRepository.go:330.8,332.3 1 0
project-management-platform/internal/repository/mocks/CommentRepository.go:334.2,334.15 1 0
project-management-platform/internal/repository/mocks/CommentRepository.go:338.128,341.19 2 0
project-management-platform/internal/repository/mocks/CommentRepository.go:341.19,342.46 1 0
project-management-platform/internal/repository/mocks/CommentRepository.go:345.2,347.108 3 0
project-management-platform/internal/repository/mocks/CommentRepository.go:347.108,349.3 1 0
project-management-platform/internal/repository/mocks/CommentRepository.go:350.2,350.99 1 0
project-management-platform/internal/repository/mocks/CommentRepository.go:350.99,352.3 1 0
project-management-platform/internal/repository/mocks/CommentRepository.go:352.8,353.24 1 0
project-management-platform/internal/repository/mocks/CommentRepository.go:353.24,355.4 1 0
project-management-platform/internal/repository/mocks/CommentRepository.go:358.2,358.87 1 0
project-management-platform/internal/repository/mocks/CommentRepository.go:358.87,360.3 1 0
project-management-platform/internal/repository/mocks/CommentRepository.go:360.8,362.3 1 0
project-management-platform/internal/repository/mocks/CommentRepository.go:364.2,364.15 1 0
project-management-platform/internal/repository/mocks/CommentRepository.go:368.128,371.19 2 0
project-management-platform/internal/repository/mocks/CommentRepository.go:371.19,372.55 1 0
project-management-platform/internal/repository/mocks/CommentRepository.go:375.2,376.100 2 0
project-management-platform/internal/repository/mocks/CommentRepository.go:376.100,378.3 1 0
project-management-platform/internal/repository/mocks/CommentRepository.go:378.8,380.3 1 0
project-management-platform/internal/repository/mocks/CommentRepository.go:382.2,382.11 1 0
project-management-platform/internal/repository/mocks/CommentRepository.go:386.130,389.19 2 0
project-management-platform/internal/repository/mocks/CommentRepository.go:389.19,390.48 1 0
project-management-platform/internal/repository/mocks/CommentRepository.go:393.2,395.116 3 0
project-management-platform/internal/repository/mocks/CommentRepository.go:395.116,397.3 1 0
project-management-platform/internal/repository/mocks/CommentRepository.go:398.2,398.107 1 0
project-management-platform/internal/repository/mocks/CommentRepository.go:398.107,400.3 1 0
project-management-platform/internal/repository/mocks/CommentRepository.go:400.8,401.24 1 0
project-management-platform/internal/repository/mocks/CommentRepository.go:401.24,403.4 1 0
project-management-platform/internal/repository/mocks/CommentRepository.go:406.2,406.93 1 0
project-management-platform/internal/repository/mocks/CommentRepository.go:406.93,408.3 1 0
project-management-platform/internal/repository/mocks/CommentRepository.go:408.8,410.3 1 0
project-management-platform/internal/repository/mocks/CommentRepository.go:412.2,412.15 1 0
project-management-platform/internal/repository/mocks/CommentRepository.go:420.23,424.19 3 0
project-management-platform/internal/repository/mocks/CommentRepository.go:424.19,424.49 1 0
project-management-platform/internal/repository/mocks/CommentRepository.go:426.2,426.13 1 0
project-management-platform/internal/repository/mocks/ItemRepository.go:24.120,27.19 2 0
project-management-platform/internal/repository/mocks/ItemRepository.go:27.19,28.53 1 0
project-management-platform/internal/repository/mocks/ItemRepository.go:31.2,32.100 2 0
project-management-platform/internal/repository/mocks/ItemRepository.go:32.100,34.3 1 0
project-management-platform/internal/repository/mocks/ItemRepository.go:34.8,36.3 1 0
project-management-platform/internal/repository/mocks/ItemRepository.go:38.2,38.11 1 0
project-management-platform/internal/repository/mocks/ItemRepository.go:42.119,45.19 2 0
project-management-platform/internal/repository/mocks/ItemRepository.go:45.19,46.52 1 0
project-management-platform/internal/repository/mocks/ItemRepository.go:49.2,50.100 2 0
project-management-platform/internal/repository/mocks/ItemRepository.go:50.100,52.3 1 0
project-management-platform/internal/repository/mocks/ItemRepository.go:52.8,54.3 1 0
project-management-platform/internal/repository/mocks/ItemRepository.go:56.2,56.11 1 0
project-management-platform/internal/repository/mocks/ItemRepository.go:60.105,63.19 2 0
project-management-platform/internal/repository/mocks/ItemRepository.go:63.19,64.51 1 0
project-management-platform/internal/repository/mocks/ItemRepository.go:67.2,69.92 3 0
project-management-platform/internal/repository/mocks/ItemRepository.go:69.92,71.3 1 0
project-management-platform/internal/repository/mocks/ItemRepository.go:72.2,72.83 1 0
project-management-platform/internal/repository/mocks/ItemRepository.go:72.83,74.3 1 0
project-management-platform/internal/repository/mocks/ItemRepository.go:74.8,75.24 1 0
project-management-platform/internal/repository/mocks/ItemRepository.go:75.24,77.4 1 0
project-management-platform/internal/repository/mocks/ItemRepository.go:80.2,80.75 1 0
project-management-platform/internal/repository/mocks/ItemRepository.go:80.75,82.3 1 0
project-management-platform/internal/repository/mocks/ItemRepository.go:82.8,84.3 1 0
project-management-platform/internal/repository/mocks/ItemRepository.go:86.2,86.15 1 0
project-management-platform/internal/repository/mocks/ItemRepository.go:90.89,93.19 2 0
project-management-platform/internal/repository/mocks/ItemRepository.go:93.19,94.47 1 0
project-management-platform/internal/repository/mocks/ItemRepository.go:97.2,99.82 3 0
project-management-platform/internal/repository/mocks/ItemRepository.go:99.82,101.3 1 0
project-management-platform/internal/repository/mocks/ItemRepository.go:102.2,102.73 1 0
project-management-platform/internal/repository/mocks/ItemRepository.go:102.73,104.3 1 0
project-management-platform/internal/repository/mocks/ItemRepository.go:104.8,106.3 1 0
project-management-platform/internal/repository/mocks/ItemRepository.go:108.2,108.73 1 0
project-management-platform/internal/repository/mocks/ItemRepository.go:108.73,110.3 1 0
project-management-platform/internal/repository/mocks/ItemRepository.go:110.8,112.3 1 0
project-management-platform/internal/repository/mocks/ItemRepository.go:114.2,114.15 1 0
project-management-platform/internal/repository/mocks/ItemRepository.go:118.99,121.19 2 0
project-management-platform/internal/repository/mocks/ItemRepository.go:121.19,122.57 1 0
project-management-platform/internal/repository/mocks/ItemRepository.go:125.2,127.82 3 0
project-management-platform/internal/repository/mocks/ItemRepository.go:127.82,129.3 1 0
project-management-platform/internal/repository/mocks/ItemRepository.go:130.2,130.73 1 0
project-management-platform/internal/repository/mocks/ItemRepository.go:130.73,132.3 1 0
project-management-platform/internal/repository/mocks/ItemRepository.go:132.8,134.3 1 0
project-management-platform/internal/repository/mocks/ItemRepository.go:136.2,136.73 1 0
project-management-platform/internal/repository/mocks/ItemRepository.go:136.73,138.3 1 0
project-management-platform/internal/repository/mocks/ItemRepository.go:138.8,140.3 1 0
project-management-platform/internal/repository/mocks/ItemRepository.go:142.2,142.15 1 0
project-management-platform/internal/repository/mocks/ItemRepository.go:146.106,149.19 2 0
project-management-platform/internal/repository/mocks/ItemRepository.go:149.19,150.48 1 0
project-management-platform/internal/repository/mocks/ItemRepository.go:153.2,155.100 3 0
project-management-platform/internal/repository/mocks/ItemRepository.go:155.100,157.3 1 0
project-management-platform/internal/repository/mocks/ItemRepository.go:158.2,158.91 1 0
project-management-platform/internal/repository/mocks/ItemRepository.go:158.91,160.3 1 0
project-management-platform/internal/repository/mocks/ItemRepository.go:160.8,161.24 1 0
project-management-platform/internal/repository/mocks/ItemRepository.go:161.24,163.4 1 0
project-management-platform/internal/repository/mocks/ItemRepository.go:166.2,166.74 1 0
project-management-platform/internal/repository/mocks/ItemRepository.go:166.74,168.3 1 0
project-management-platform/internal/repository/mocks/ItemRepository.go:168.8,170.3 1 0
project-management-platform/internal/repository/mocks/ItemRepository.go:172.2,172.15 1 0
project-management-platform/internal/repository/mocks/ItemRepository.go:176.107,179.19 2 0
project-management-platform/internal/repository/mocks/ItemRepository.go:179.19,180.48 1 0
project-management-platform/internal/repository/mocks/ItemRepository.go:183.2,185.103 3 0
project-management-platform/internal/repository/mocks/ItemRepository.go:185.103,187.3 1 0
project-management-platform/internal/repository/mocks/ItemRepository.go:188.2,188.94 1 0
project-management-platform/internal/repository/mocks/ItemRepository.go:188.94,190.3 1 0
project-management-platform/internal/repository/mocks/ItemRepository.go:190.8,191.24 1 0
project-management-platform/internal/repository/mocks/ItemRepository.go:191.24,193.4 1 0
project-management-platform/internal/repository/mocks/ItemRepository.go:196.2,196.80 1 0
project-management-platform/internal/repository/mocks/ItemRepository.go:196.80,198.3 1 0
project-management-platform/internal/repository/mocks/ItemRepository.go:198.8,200.3 1 0
project-management-platform/internal/repository/mocks/ItemRepository.go:202.2,202.15 1 0
project-management-platform/internal/repository/mocks/ItemRepository.go:206.134,209.19 2 0
project-management-platform/internal/repository/mocks/ItemRepository.go:209.19,210.56 1 0
project-management-platform/internal/repository/mocks/ItemRepository.go:213.2,215.113 3 0
project-management-platform/internal/repository/mocks/ItemRepository.go:215.113,217.3 1 0
project-management-platform/internal/repository/mocks/ItemRepository.go:218.2,218.104 1 0
project-management-platform/internal/repository/mocks/ItemRepository.go:218.104,220.3 1 0
project-management-platform/internal/repository/mocks/ItemRepository.go:220.8,221.24 1 0
project-management-platform/internal/repository/mocks/ItemRepository.go:221.24,223.4 1 0
project-management-platform/internal/repository/mocks/ItemRepository.go:226.2,226.95 1 0
project-management-platform/internal/repository/mocks/ItemRepository.go:226.95,228.3 1 0
project-management-platform/internal/repository/mocks/ItemRepository.go:228.8,230.3 1 0
project-management-platform/internal/repository/mocks/ItemRepository.go:232.2,232.15 1 0
project-management-platform/internal/repository/mocks/ItemRepository.go:236.113,239.19 2 0
project-management-platform/internal/repository/mocks/ItemRepository.go:239.19,240.55 1 0
project-management-platform/internal/repository/mocks/ItemRepository.go:243.2,245.98 3 0
project-management-platform/internal/repository/mocks/ItemRepository.go:245.98,247.3 1 0
project-management-platform/internal/repository/mocks/ItemRepository.go:248.2,248.89 1 0
project-management-platform/internal/repository/mocks/ItemRepository.go:248.89,250.3 1 0
project-management-platform/internal/repository/mocks/ItemRepository.go:250.8,251.24 1 0
project-management-platform/internal/repository/mocks/ItemRepository.go:251.24,253.4 1 0
project-management-platform/internal/repository/mocks/ItemRepository.go:256.2,256.80 1 0
project-management-platform/internal/repository/mocks/ItemRepository.go:256.80,258.3 1 0
project-management-platform/internal/repository/mocks/ItemRepository.go:258.8,260.3 1 0
project-management-platform/internal/repository/mocks/ItemRepository.go:262.2,262.15 1 0
project-management-platform/internal/repository/mocks/ItemRepository.go:266.113,269.19 2 0
project-management-platform/internal/repository/mocks/ItemRepository.go:269.19,270.54 1 0
project-management-platform/internal/repository/mocks/ItemRepository.go:273.2,275.98 3 0
project-management-platform/internal/repository/mocks/ItemRepository.go:275.98,277.3 1 0
project-management-platform/internal/repository/mocks/ItemRepository.go:278.2,278.89 1 0
project-management-platform/internal/repository/mocks/ItemRepository.go:278.89,280.3 1 0
project-management-platform/internal/repository/mocks/ItemRepository.go:280.8,281.24 1 0
project-management-platform/internal/repository/mocks/ItemRepository.go:281.24,283.4 1 0
project-management-platform/internal/repository/mocks/ItemRepository.go:286.2,286.80 1 0
project-management-platform/internal/repository/mocks/ItemRepository.go:286.80,288.3 1 0
project-management-platform/internal/repository/mocks/ItemRepository.go:288.8,290.3 1 0
project-management-platform/internal/repository/mocks/ItemRepository.go:292.2,292.15 1 0
project-management-platform/internal/repository/mocks/ItemRepository.go:296.101,299.19 2 0
project-management-platform/internal/repository/mocks/ItemRepository.go:299.19,300.49 1 0
project-management-platform/internal/repository/mocks/ItemRepository.go:303.2,305.96 3 0
project-management-platform/internal/repository/mocks/ItemRepository.go:305.96,307.3 1 0
project-management-platform/internal/repository/mocks/ItemRepository.go:308.2,308.87 1 0
project-management-platform/internal/repository/mocks/ItemRepository.go:308.87,310.3 1 0
project-management-platform/internal/repository/mocks/ItemRepository.go:310.8,311.24 1 0
project-management-platform/internal/repository/mocks/ItemRepository.go:311.24,313.4 1 0
project-management-platform/internal/repository/mocks/ItemRepository.go:316.2,316.80 1 0
project-management-platform/internal/repository/mocks/ItemRepository.go:316.80,318.3 1 0
project-management-platform/internal/repository/mocks/ItemRepository.go:318.8,320.3 1 0
project-management-platform/internal/repository/mocks/ItemRepository.go:322.2,322.15 1 0
project-management-platform/internal/repository/mocks/ItemRepository.go:326.122,329.19 2 0
project-management-platform/internal/repository/mocks/ItemRepository.go:329.19,330.46 1 0
project-management-platform/internal/repository/mocks/ItemRepository.go:333.2,335.105 3 0
project-management-platform/internal/repository/mocks/ItemRepository.go:335.105,337.3 1 0
project-management-platform/internal/repository/mocks/ItemRepository.go:338.2,338.96 1 0
project-management-platform/internal/repository/mocks/ItemRepository.go:338.96,340.3 1 0
project-management-platform/internal/repository/mocks/ItemRepository.go:340.8,341.24 1 0
project-management-platform/internal/repository/mocks/ItemRepository.go:341.24,343.4 1 0
project-management-platform/internal/repository/mocks/ItemRepository.go:346.2,346.87 1 0
project-management-platform/internal/repository/mocks/ItemRepository.go:346.87,348.3 1 0
project-management-platform/internal/repository/mocks/ItemRepository.go:348.8,350.3 1 0
project-management-platform/internal/repository/mocks/ItemRepository.go:352.2,352.15 1 0
project-management-platform/internal/repository/mocks/ItemRepository.go:356.123,359.19 2 0
project-management-platform/internal/repository/mocks/ItemRepository.go:359.19,360.56 1 0
project-management-platform/internal/repository/mocks/ItemRepository.go:363.2,364.100 2 0
project-management-platform/internal/repository/mocks/ItemRepository.go:364.100,366.3 1 0
project-management-platform/internal/repository/mocks/ItemRepository.go:366.8,368.3 1 0
project-management-platform/internal/repository/mocks/ItemRepository.go:370.2,370.11 1 0
project-management-platform/internal/repository/mocks/ItemRepository.go:374.122,377.19 2 0
project-management-platform/internal/repository/mocks/ItemRepository.go:377.19,378.55 1 0
project-management-platform/internal/repository/mocks/ItemRepository.go:381.2,382.100 2 0
project-management-platform/internal/repository/mocks/ItemRepository.go:382.100,384.3 1 0
project-management-platform/internal/repository/mocks/ItemRepository.go:384.8,386.3 1 0
project-management-platform/internal/repository/mocks/ItemRepository.go:388.2,388.11 1 0
project-management-platform/internal/repository/mocks/ItemRepository.go:392.122,395.19 2 0
project-management-platform/internal/repository/mocks/ItemRepository.go:395.19,396.52 1 0
project-management-platform/internal/repository/mocks/ItemRepository.go:399.2,401.100 3 0
project-management-platform/internal/repository/mocks/ItemRepository.go:401.100,403.3 1 0
project-management-platform/internal/repository/mocks/ItemRepository.go:404.2,404.91 1 0
project-management-platform/internal/repository/mocks/ItemRepository.go:404.91,406.3 1 0
project-management-platform/internal/repository/mocks/ItemRepository.go:406.8,407.24 1 0
project-management-platform/internal/repository/mocks/ItemRepository.go:407.24,409.4 1 0
project-management-platform/internal/repository/mocks/ItemRepository.go:412.2,412.82 1 0
project-management-platform/internal/repository/mocks/ItemRepository.go:412.82,414.3 1 0
project-management-platform/internal/repository/mocks/ItemRepository.go:414.8,416.3 1 0
project-management-platform/internal/repository/mocks/ItemRepository.go:418.2,418.15 1 0
project-management-platform/internal/repository/mocks/ItemRepository.go:422.127,425.19 2 0
project-management-platform/internal/repository/mocks/ItemRepository.go:425.19,426.48 1 0
project-management-platform/internal/repository/mocks/ItemRepository.go:429.2,431.116 3 0
project-management-platform/internal/repository/mocks/ItemRepository.go:431.116,433.3 1 0
project-management-platform/internal/repository/mocks/ItemRepository.go:434.2,434.107 1 0
project-management-platform/internal/repository/mocks/ItemRepository.go:434.107,436.3 1 0
project-management-platform/internal/repository/mocks/ItemRepository.go:436.8,437.24 1 0
project-management-platform/internal/repository/mocks/ItemRepository.go:437.24,439.4 1 0
project-management-platform/internal/repository/mocks/ItemRepository.go:442.2,442.93 1 0
project-management-platform/internal/repository/mocks/ItemRepository.go:442.93,444.3 1 0
project-management-platform/internal/repository/mocks/ItemRepository.go:444.8,446.3 1 0
project-management-platform/internal/repository/mocks/ItemRepository.go:448.2,448.15 1 0
project-management-platform/internal/repository/mocks/ItemRepository.go:452.132,455.19 2 0
project-management-platform/internal/repository/mocks/ItemRepository.go:455.19,456.58 1 0
project-management-platform/internal/repository/mocks/ItemRepository.go:459.2,460.103 2 0
project-management-platform/internal/repository/mocks/ItemRepository.go:460.103,462.3 1 0
project-management-platform/internal/repository/mocks/ItemRepository.go:462.8,464.3 1 0
project-management-platform/internal/repository/mocks/ItemRepository.go:466.2,466.11 1 0
project-management-platform/internal/repository/mocks/ItemRepository.go:470.106,473.19 2 0
project-management-platform/internal/repository/mocks/ItemRepository.go:473.19,474.56 1 0
project-management-platform/internal/repository/mocks/ItemRepository.go:477.2,478.85 2 0
project-management-platform/internal/repository/mocks/ItemRepository.go:478.85,480.3 1 0
project-management-platform/internal/repository/mocks/ItemRepository.go:480.8,482.3 1 0
project-management-platform/internal/repository/mocks/ItemRepository.go:484.2,484.11 1 0
project-management-platform/internal/repository/mocks/ItemRepository.go:492.20,496.19 3 0
project-management-platform/internal/repository/mocks/ItemRepository.go:496.19,496.49 1 0
project-management-platform/internal/repository/mocks/ItemRepository.go:498.2,498.13 1 0
project-management-platform/internal/repository/mocks/NotificationRepository.go:22.97,25.19 2 0
project-management-platform/internal/repository/mocks/NotificationRepository.go:25.19,26.47 1 0
project-management-platform/internal/repository/mocks/NotificationRepository.go:29.2,31.82 3 0
project-management-platform/internal/repository/mocks/NotificationRepository.go:31.82,33.3 1 0
project-management-platform/internal/repository/mocks/NotificationRepository.go:34.2,34.73 1 0
project-management-platform/internal/repository/mocks/NotificationRepository.go:34.73,36.3 1 0
project-management-platform/internal/repository/mocks/NotificationRepository.go:36.8,38.3 1 0
project-management-platform/internal/repository/mocks/NotificationRepository.go:40.2,40.73 1 0
project-management-platform/internal/repository/mocks/NotificationRepository.go:40.73,42.3 1 0
project-management-platform/internal/repository/mocks/NotificationRepository.go:42.8,44.3 1 0
project-management-platform/internal/repository/mocks/NotificationRepository.go:46.2,46.15 1 0
project-management-platform/internal/repository/mocks/NotificationRepository.go:50.130,53.19 2 0
project-management-platform/internal/repository/mocks/NotificationRepository.go:53.19,54.48 1 0
project-management-platform/internal/repository/mocks/NotificationRepository.go:57.2,59.108 3 0
project-management-platform/internal/repository/mocks/NotificationRepository.go:59.108,61.3 1 0
project-management-platform/internal/repository/mocks/NotificationRepository.go:62.2,62.99 1 0
project-management-platform/internal/repository/mocks/NotificationRepository.go:62.99,64.3 1 0
project-management-platform/internal/repository/mocks/NotificationRepository.go:64.8,65.24 1 0
project-management-platform/internal/repository/mocks/NotificationRepository.go:65.24,67.4 1 0
project-management-platform/internal/repository/mocks/NotificationRepository.go:70.2,70.82 1 0
project-management-platform/internal/repository/mocks/NotificationRepository.go:70.82,72.3 1 0
project-management-platform/internal/repository/mocks/NotificationRepository.go:72.8,74.3 1 0
project-management-platform/internal/repository/mocks/NotificationRepository.go:76.2,76.15 1 0
project-management-platform/internal/repository/mocks/NotificationRepository.go:80.115,83.19 2 0
project-management-platform/internal/repository/mocks/NotificationRepository.go:83.19,84.48 1 0
project-management-platform/internal/repository/mocks/NotificationRepository.go:87.2,89.103 3 0
project-management-platform/internal/repository/mocks/NotificationRepository.go:89.103,91.3 1 0
project-management-platform/internal/repository/mocks/NotificationRepository.go:92.2,92.94 1 0
project-management-platform/internal/repository/mocks/NotificationRepository.go:92.94,94.3 1 0
project-management-platform/internal/repository/mocks/NotificationRepository.go:94.8,95.24 1 0
project-management-platform/internal/repository/mocks/NotificationRepository.go:95.24,97.4 1 0
project-management-platform/internal/repository/mocks/NotificationRepository.go:100.2,100.80 1 0
project-management-platform/internal/repository/mocks/NotificationRepository.go:100.80,102.3 1 0
project-management-platform/internal/repository/mocks/NotificationRepository.go:102.8,104.3 1 0
project-management-platform/internal/repository/mocks/NotificationRepository.go:106.2,106.15 1 0
project-management-platform/internal/repository/mocks/NotificationRepository.go:110.114,113.19 2 0
project-management-platform/internal/repository/mocks/NotificationRepository.go:113.19,114.55 1 0
project-management-platform/internal/repository/mocks/NotificationRepository.go:117.2,119.88 3 0
project-management-platform/internal/repository/mocks/NotificationRepository.go:119.88,121.3 1 0
project-management-platform/internal/repository/mocks/NotificationRepository.go:122.2,122.79 1 0
project-management-platform/internal/repository/mocks/NotificationRepository.go:122.79,124.3 1 0
project-management-platform/internal/repository/mocks/NotificationRepository.go:124.8,125.24 1 0
project-management-platform/internal/repository/mocks/NotificationRepository.go:125.24,127.4 1 0
project-management-platform/internal/repository/mocks/NotificationRepository.go:130.2,130.65 1 0
project-management-platform/internal/repository/mocks/NotificationRepository.go:130.65,132.3 1 0
project-management-platform/internal/repository/mocks/NotificationRepository.go:132.8,134.3 1 0
project-management-platform/internal/repository/mocks/NotificationRepository.go:136.2,136.15 1 0
project-management-platform/internal/repository/mocks/NotificationRepository.go:140.117,143.19 2 0
project-management-platform/internal/repository/mocks/NotificationRepository.go:143.19,144.49 1 0
project-management-platform/internal/repository/mocks/NotificationRepository.go:147.2,149.104 3 0
project-management-platform/internal/repository/mocks/NotificationRepository.go:149.104,151.3 1 0
project-management-platform/internal/repository/mocks/NotificationRepository.go:152.2,152.95 1 0
project-management-platform/internal/repository/mocks/NotificationRepository.go:152.95,154.3 1 0
project-management-platform/internal/repository/mocks/NotificationRepository.go:154.8,155.24 1 0
project-management-platform/internal/repository/mocks/NotificationRepository.go:155.24,157.4 1 0
project-management-platform/internal/repository/mocks/NotificationRepository.go:160.2,160.80 1 0
project-management-platform/internal/repository/mocks/NotificationRepository.go:160.80,162.3 1 0
project-management-platform/internal/repository/mocks/NotificationRepository.go:162.8,164.3 1 0
project-management-platform/internal/repository/mocks/NotificationRepository.go:166.2,166.15 1 0
project-management-platform/internal/repository/mocks/NotificationRepository.go:170.152,173.19 2 0
project-management-platform/internal/repository/mocks/NotificationRepository.go:173.19,174.53 1 0
project-management-platform/internal/repository/mocks/NotificationRepository.go:177.2,179.120 3 0
project-management-platform/internal/repository/mocks/NotificationRepository.go:179.120,181.3 1 0
project-management-platform/internal/repository/mocks/NotificationRepository.go:182.2,182.111 1 0
project-management-platform/internal/repository/mocks/NotificationRepository.go:182.111,184.3 1 0
project-management-platform/internal/repository/mocks/NotificationRepository.go:184.8,185.24 1 0
project-management-platform/internal/repository/mocks/NotificationRepository.go:185.24,187.4 1 0
project-management-platform/internal/repository/mocks/NotificationRepository.go:190.2,190.94 1 0
project-management-platform/internal/repository/mocks/NotificationRepository.go:190.94,192.3 1 0
project-management-platform/internal/repository/mocks/NotificationRepository.go:192.8,194.3 1 0
project-management-platform/internal/repository/mocks/NotificationRepository.go:196.2,196.15 1 0
project-management-platform/internal/repository/mocks/NotificationRepository.go:200.118,203.19 2 0
project-management-platform/internal/repository/mocks/NotificationRepository.go:203.19,204.58 1 0
project-management-platform/internal/repository/mocks/NotificationRepository.go:207.2,209.93 3 0
project-management-platform/internal/repository/mocks/NotificationRepository.go:209.93,211.3 1 0
project-management-platform/internal/repository/mocks/NotificationRepository.go:212.2,212.84 1 0
project-management-platform/internal/repository/mocks/NotificationRepository.go:212.84,214.3 1 0
project-management-platform/internal/repository/mocks/NotificationRepository.go:214.8,215.24 1 0
project-management-platform/internal/repository/mocks/NotificationRepository.go:215.24,217.4 1 0
project-management-platform/internal/repository/mocks/NotificationRepository.go:220.2,220.67 1 0
project-management-platform/internal/repository/mocks/NotificationRepository.go:220.67,222.3 1 0
project-management-platform/internal/repository/mocks/NotificationRepository.go:222.8,224.3 1 0
project-management-platform/internal/repository/mocks/NotificationRepository.go:226.2,226.15 1 0
project-management-platform/internal/repository/mocks/NotificationRepository.go:230.133,233.19 2 0
project-management-platform/internal/repository/mocks/NotificationRepository.go:233.19,234.59 1 0
project-management-platform/internal/repository/mocks/NotificationRepository.go:237.2,239.106 3 0
project-management-platform/internal/repository/mocks/NotificationRepository.go:239.106,241.3 1 0
project-management-platform/internal/repository/mocks/NotificationRepository.go:242.2,242.97 1 0
project-management-platform/internal/repository/mocks/NotificationRepository.go:242.97,244.3 1 0
project-management-platform/internal/repository/mocks/NotificationRepository.go:244.8,245.24 1 0
project-management-platform/internal/repository/mocks/NotificationRepository.go:245.24,247.4 1 0
project-management-platform/internal/repository/mocks/NotificationRepository.go:250.2,250.80 1 0
project-management-platform/internal/repository/mocks/NotificationRepository.go:250.80,252.3 1 0
project-management-platform/internal/repository/mocks/NotificationRepository.go:252.8,254.3 1 0
project-management-platform/internal/repository/mocks/NotificationRepository.go:256.2,256.15 1 0
project-management-platform/internal/repository/mocks/NotificationRepository.go:260.113,263.19 2 0
project-management-platform/internal/repository/mocks/NotificationRepository.go:263.19,264.56 1 0
project-management-platform/internal/repository/mocks/NotificationRepository.go:267.2,269.89 3 0
project-management-platform/internal/repository/mocks/NotificationRepository.go:269.89,271.3 1 0
project-management-platform/internal/repository/mocks/NotificationRepository.go:272.2,272.80 1 0
project-management-platform/internal/repository/mocks/NotificationRepository.go:272.80,274.3 1 0
project-management-platform/internal/repository/mocks/NotificationRepository.go:274.8,276.3 1 0
project-management-platform/internal/repository/mocks/NotificationRepository.go:278.2,278.80 1 0
project-management-platform/internal/repository/mocks/NotificationRepository.go:278.80,280.3 1 0
project-management-platform/internal/repository/mocks/NotificationRepository.go:280.8,282.3 1 0
project-management-platform/internal/repository/mocks/NotificationRepository.go:284.2,284.15 1 0
project-management-platform/internal/repository/mocks/NotificationRepository.go:288.138,291.19 2 0
project-management-platform/internal/repository/mocks/NotificationRepository.go:291.19,292.46 1 0
project-management-platform/internal/repository/mocks/NotificationRepository.go:295.2,297.113 3 0
project-management-platform/internal/repository/mocks/NotificationRepository.go:297.113,299.3 1 0
project-management-platform/internal/repository/mocks/NotificationRepository.go:300.2,300.104 1 0
project-management-platform/internal/repository/mocks/NotificationRepository.go:300.104,302.3 1 0
project-management-platform/internal/repository/mocks/NotificationRepository.go:302.8,303.24 1 0
project-management-platform/internal/repository/mocks/NotificationRepository.go:303.24,305.4 1 0
project-management-platform/internal/repository/mocks/NotificationRepository.go:308.2,308.87 1 0
project-management-platform/internal/repository/mocks/NotificationRepository.go:308.87,310.3 1 0
project-management-platform/internal/repository/mocks/NotificationRepository.go:310.8,312.3 1 0
project-management-platform/internal/repository/mocks/NotificationRepository.go:314.2,314.15 1 0
project-management-platform/internal/repository/mocks/NotificationRepository.go:318.103,321.19 2 0
project-management-platform/internal/repository/mocks/NotificationRepository.go:321.19,322.55 1 0
project-management-platform/internal/repository/mocks/NotificationRepository.go:325.2,326.80 2 0
project-management-platform/internal/repository/mocks/NotificationRepository.go:326.80,328.3 1 0
project-management-platform/internal/repository/mocks/NotificationRepository.go:328.8,330.3 1 0
project-management-platform/internal/repository/mocks/NotificationRepository.go:332.2,332.11 1 0
project-management-platform/internal/repository/mocks/NotificationRepository.go:336.96,339.19 2 0
project-management-platform/internal/repository/mocks/NotificationRepository.go:339.19,340.52 1 0
project-management-platform/internal/repository/mocks/NotificationRepository.go:343.2,344.80 2 0
project-management-platform/internal/repository/mocks/NotificationRepository.go:344.80,346.3 1 0
project-management-platform/internal/repository/mocks/NotificationRepository.go:346.8,348.3 1 0
project-management-platform/internal/repository/mocks/NotificationRepository.go:350.2,350.11 1 0
project-management-platform/internal/repository/mocks/NotificationRepository.go:354.99,357.19 2 0
project-management-platform/internal/repository/mocks/NotificationRepository.go:357.19,358.55 1 0
project-management-platform/internal/repository/mocks/NotificationRepository.go:361.2,362.80 2 0
project-management-platform/internal/repository/mocks/NotificationRepository.go:362.80,364.3 1 0
project-management-platform/internal/repository/mocks/NotificationRepository.go:364.8,366.3 1 0
project-management-platform/internal/repository/mocks/NotificationRepository.go:368.2,368.11 1 0
project-management-platform/internal/repository/mocks/NotificationRepository.go:372.135,375.19 2 0
project-management-platform/internal/repository/mocks/NotificationRepository.go:375.19,376.48 1 0
project-management-platform/internal/repository/mocks/NotificationRepository.go:379.2,381.116 3 0
project-management-platform/internal/repository/mocks/NotificationRepository.go:381.116,383.3 1 0
project-management-platform/internal/repository/mocks/NotificationRepository.go:384.2,384.107 1 0
project-management-platform/internal/repository/mocks/NotificationRepository.go:384.107,386.3 1 0
project-management-platform/internal/repository/mocks/NotificationRepository.go:386.8,387.24 1 0
project-management-platform/internal/repository/mocks/NotificationRepository.go:387.24,389.4 1 0
project-management-platform/internal/repository/mocks/NotificationRepository.go:392.2,392.93 1 0
project-management-platform/internal/repository/mocks/NotificationRepository.go:392.93,394.3 1 0
project-management-platform/internal/repository/mocks/NotificationRepository.go:394.8,396.3 1 0
project-management-platform/internal/repository/mocks/NotificationRepository.go:398.2,398.15 1 0
project-management-platform/internal/repository/mocks/NotificationRepository.go:406.28,410.19 3 0
project-management-platform/internal/repository/mocks/NotificationRepository.go:410.19,410.49 1 0
project-management-platform/internal/repository/mocks/NotificationRepository.go:412.2,412.13 1 0
project-management-platform/internal/repository/mocks/SavedFilterRepository.go:18.75,21.19 2 0
project-management-platform/internal/repository/mocks/SavedFilterRepository.go:21.19,22.55 1 0
project-management-platform/internal/repository/mocks/SavedFilterRepository.go:25.2,26.60 2 0
project-management-platform/internal/repository/mocks/SavedFilterRepository.go:26.60,28.3 1 0
project-management-platform/internal/repository/mocks/SavedFilterRepository.go:28.8,30.3 1 0
project-management-platform/internal/repository/mocks/SavedFilterRepository.go:32.2,32.11 1 0
project-management-platform/internal/repository/mocks/SavedFilterRepository.go:36.107,39.19 2 0
project-management-platform/internal/repository/mocks/SavedFilterRepository.go:39.19,40.59 1 0
project-management-platform/internal/repository/mocks/SavedFilterRepository.go:43.2,44.81 2 0
project-management-platform/internal/repository/mocks/SavedFilterRepository.go:44.81,46.3 1 0
project-management-platform/internal/repository/mocks/SavedFilterRepository.go:46.8,48.3 1 0
project-management-platform/internal/repository/mocks/SavedFilterRepository.go:50.2,50.11 1 0
project-management-platform/internal/repository/mocks/SavedFilterRepository.go:54.135,57.19 2 0
project-management-platform/internal/repository/mocks/SavedFilterRepository.go:57.19,58.59 1 0
project-management-platform/internal/repository/mocks/SavedFilterRepository.go:61.2,62.100 2 0
project-management-platform/internal/repository/mocks/SavedFilterRepository.go:62.100,64.3 1 0
project-management-platform/internal/repository/mocks/SavedFilterRepository.go:64.8,66.3 1 0
project-management-platform/internal/repository/mocks/SavedFilterRepository.go:68.2,68.11 1 0
project-management-platform/internal/repository/mocks/SavedFilterRepository.go:72.180,75.19 2 0
project-management-platform/internal/repository/mocks/SavedFilterRepository.go:75.19,76.62 1 0
project-management-platform/internal/repository/mocks/SavedFilterRepository.go:79.2,81.131 3 0
project-management-platform/internal/repository/mocks/SavedFilterRepository.go:81.131,83.3 1 0
project-management-platform/internal/repository/mocks/SavedFilterRepository.go:83.8,85.3 1 0
project-management-platform/internal/repository/mocks/SavedFilterRepository.go:87.2,87.108 1 0
project-management-platform/internal/repository/mocks/SavedFilterRepository.go:87.108,89.3 1 0
project-management-platform/internal/repository/mocks/SavedFilterRepository.go:89.8,91.3 1 0
project-management-platform/internal/repository/mocks/SavedFilterRepository.go:93.2,93.15 1 0
project-management-platform/internal/repository/mocks/SavedFilterRepository.go:97.169,100.19 2 0
project-management-platform/internal/repository/mocks/SavedFilterRepository.go:100.19,101.60 1 0
project-management-platform/internal/repository/mocks/SavedFilterRepository.go:104.2,106.120 3 0
project-management-platform/internal/repository/mocks/SavedFilterRepository.go:106.120,108.3 1 0
project-management-platform/internal/repository/mocks/SavedFilterRepository.go:108.8,110.3 1 0
project-management-platform/internal/repository/mocks/SavedFilterRepository.go:112.2,112.95 1 0
project-management-platform/internal/repository/mocks/SavedFilterRepository.go:112.95,114.3 1 0
project-management-platform/internal/repository/mocks/SavedFilterRepository.go:114.8,116.3 1 0
project-management-platform/internal/repository/mocks/SavedFilterRepository.go:118.2,118.15 1 0
project-management-platform/internal/repository/mocks/SavedFilterRepository.go:122.159,125.19 2 0
project-management-platform/internal/repository/mocks/SavedFilterRepository.go:125.19,126.63 1 0
project-management-platform/internal/repository/mocks/SavedFilterRepository.go:129.2,131.113 3 0
project-management-platform/internal/repository/mocks/SavedFilterRepository.go:131.113,133.3 1 0
project-management-platform/internal/repository/mocks/SavedFilterRepository.go:133.8,135.3 1 0
project-management-platform/internal/repository/mocks/SavedFilterRepository.go:137.2,137.88 1 0
project-management-platform/internal/repository/mocks/SavedFilterRepository.go:137.88,139.3 1 0
project-management-platform/internal/repository/mocks/SavedFilterRepository.go:139.8,141.3 1 0
project-management-platform/internal/repository/mocks/SavedFilterRepository.go:143.2,143.15 1 0
project-management-platform/internal/repository/mocks/SavedFilterRepository.go:147.128,150.19 2 0
project-management-platform/internal/repository/mocks/SavedFilterRepository.go:150.19,151.56 1 0
project-management-platform/internal/repository/mocks/SavedFilterRepository.go:154.2,156.103 3 0
project-management-platform/internal/repository/mocks/SavedFilterRepository.go:156.103,158.3 1 0
project-management-platform/internal/repository/mocks/SavedFilterRepository.go:158.8,160.3 1 0
project-management-platform/internal/repository/mocks/SavedFilterRepository.go:162.2,162.80 1 0
project-management-platform/internal/repository/mocks/SavedFilterRepository.go:162.80,164.3 1 0
project-management-platform/internal/repository/mocks/SavedFilterRepository.go:164.8,166.3 1 0
project-management-platform/internal/repository/mocks/SavedFilterRepository.go:168.2,168.15 1 0
project-management-platform/internal/repository/mocks/SavedFilterRepository.go:172.196,175.19 2 0
project-management-platform/internal/repository/mocks/SavedFilterRepository.go:175.19,176.62 1 0
project-management-platform/internal/repository/mocks/SavedFilterRepository.go:179.2,181.139 3 0
project-management-platform/internal/repository/mocks/SavedFilterRepository.go:181.139,183.3 1 0
project-management-platform/internal/repository/mocks/SavedFilterRepository.go:183.8,185.3 1 0
project-management-platform/internal/repository/mocks/SavedFilterRepository.go:187.2,187.116 1 0
project-management-platform/internal/repository/mocks/SavedFilterRepository.go:187.116,189.3 1 0
project-management-platform/internal/repository/mocks/SavedFilterRepository.go:189.8,191.3 1 0
project-management-platform/internal/repository/mocks/SavedFilterRepository.go:193.2,193.15 1 0
project-management-platform/internal/repository/mocks/SavedFilterRepository.go:197.184,200.19 2 0
project-management-platform/internal/repository/mocks/SavedFilterRepository.go:200.19,201.61 1 0
project-management-platform/internal/repository/mocks/SavedFilterRepository.go:204.2,206.133 3 0
project-management-platform/internal/repository/mocks/SavedFilterRepository.go:206.133,208.3 1 0
project-management-platform/internal/repository/mocks/SavedFilterRepository.go:208.8,210.3 1 0
project-management-platform/internal/repository/mocks/SavedFilterRepository.go:212.2,212.108 1 0
project-management-platform/internal/repository/mocks/SavedFilterRepository.go:212.108,214.3 1 0
project-management-platform/internal/repository/mocks/SavedFilterRepository.go:214.8,216.3 1 0
project-management-platform/internal/repository/mocks/SavedFilterRepository.go:218.2,218.15 1 0
project-management-platform/internal/repository/mocks/SavedFilterRepository.go:222.110,225.19 2 0
project-management-platform/internal/repository/mocks/SavedFilterRepository.go:225.19,226.61 1 0
project-management-platform/internal/repository/mocks/SavedFilterRepository.go:229.2,230.80 2 0
project-management-platform/internal/repository/mocks/SavedFilterRepository.go:230.80,232.3 1 0
project-management-platform/internal/repository/mocks/SavedFilterRepository.go:232.8,234.3 1 0
project-management-platform/internal/repository/mocks/SavedFilterRepository.go:236.2,236.11 1 0
project-management-platform/internal/repository/mocks/SavedFilterRepository.go:240.137,243.19 2 0
project-management-platform/internal/repository/mocks/SavedFilterRepository.go:243.19,244.59 1 0
project-management-platform/internal/repository/mocks/SavedFilterRepository.go:247.2,248.101 2 0
project-management-platform/internal/repository/mocks/SavedFilterRepository.go:248.101,250.3 1 0
project-management-platform/internal/repository/mocks/SavedFilterRepository.go:250.8,252.3 1 0
project-management-platform/internal/repository/mocks/SavedFilterRepository.go:254.2,254.11 1 0
project-management-platform/internal/repository/mocks/UserRepository.go:22.89,25.19 2 0
project-management-platform/internal/repository/mocks/UserRepository.go:25.19,26.47 1 0
project-management-platform/internal/repository/mocks/UserRepository.go:29.2,31.82 3 0
project-management-platform/internal/repository/mocks/UserRepository.go:31.82,33.3 1 0
project-management-platform/internal/repository/mocks/UserRepository.go:34.2,34.73 1 0
project-management-platform/internal/repository/mocks/UserRepository.go:34.73,36.3 1 0
project-management-platform/internal/repository/mocks/UserRepository.go:36.8,38.3 1 0
project-management-platform/internal/repository/mocks/UserRepository.go:40.2,40.73 1 0
project-management-platform/internal/repository/mocks/UserRepository.go:40.73,42.3 1 0
project-management-platform/internal/repository/mocks/UserRepository.go:42.8,44.3 1 0
project-management-platform/internal/repository/mocks/UserRepository.go:46.2,46.15 1 0
project-management-platform/internal/repository/mocks/UserRepository.go:50.106,53.19 2 0
project-management-platform/internal/repository/mocks/UserRepository.go:53.19,54.48 1 0
project-management-platform/internal/repository/mocks/UserRepository.go:57.2,59.100 3 0
project-management-platform/internal/repository/mocks/UserRepository.go:59.100,61.3 1 0
project-management-platform/internal/repository/mocks/UserRepository.go:62.2,62.91 1 0
project-management-platform/internal/repository/mocks/UserRepository.go:62.91,64.3 1 0
project-management-platform/internal/repository/mocks/UserRepository.go:64.8,65.24 1 0
project-management-platform/internal/repository/mocks/UserRepository.go:65.24,67.4 1 0
project-management-platform/internal/repository/mocks/UserRepository.go:70.2,70.74 1 0
project-management-platform/internal/repository/mocks/UserRepository.go:70.74,72.3 1 0
project-management-platform/internal/repository/mocks/UserRepository.go:72.8,74.3 1 0
project-management-platform/internal/repository/mocks/UserRepository.go:76.2,76.15 1 0
project-management-platform/internal/repository/mocks/UserRepository.go:80.107,83.19 2 0
project-management-platform/internal/repository/mocks/UserRepository.go:83.19,84.48 1 0
project-management-platform/internal/repository/mocks/UserRepository.go:87.2,89.103 3 0
project-management-platform/internal/repository/mocks/UserRepository.go:89.103,91.3 1 0
project-management-platform/internal/repository/mocks/UserRepository.go:92.2,92.94 1 0
project-management-platform/internal/repository/mocks/UserRepository.go:92.94,94.3 1 0
project-management-platform/internal/repository/mocks/UserRepository.go:94.8,95.24 1 0
project-management-platform/internal/repository/mocks/UserRepository.go:95.24,97.4 1 0
project-management-platform/internal/repository/mocks/UserRepository.go:100.2,100.80 1 0
project-management-platform/internal/repository/mocks/UserRepository.go:100.80,102.3 1 0
project-management-platform/internal/repository/mocks/UserRepository.go:102.8,104.3 1 0
project-management-platform/internal/repository/mocks/UserRepository.go:106.2,106.15 1 0
project-management-platform/internal/repository/mocks/UserRepository.go:110.95,113.19 2 0
project-management-platform/internal/repository/mocks/UserRepository.go:113.19,114.52 1 0
project-management-platform/internal/repository/mocks/UserRepository.go:117.2,119.84 3 0
project-management-platform/internal/repository/mocks/UserRepository.go:119.84,121.3 1 0
project-management-platform/internal/repository/mocks/UserRepository.go:122.2,122.75 1 0
project-management-platform/internal/repository/mocks/UserRepository.go:122.75,124.3 1 0
project-management-platform/internal/repository/mocks/UserRepository.go:124.8,125.24 1 0
project-management-platform/internal/repository/mocks/UserRepository.go:125.24,127.4 1 0
project-management-platform/internal/repository/mocks/UserRepository.go:130.2,130.68 1 0
project-management-platform/internal/repository/mocks/UserRepository.go:130.68,132.3 1 0
project-management-platform/internal/repository/mocks/UserRepository.go:132.8,134.3 1 0
project-management-platform/internal/repository/mocks/UserRepository.go:136.2,136.15 1 0
project-management-platform/internal/repository/mocks/UserRepository.go:140.101,143.19 2 0
project-management-platform/internal/repository/mocks/UserRepository.go:143.19,144.49 1 0
project-management-platform/internal/repository/mocks/UserRepository.go:147.2,149.96 3 0
project-management-platform/internal/repository/mocks/UserRepository.go:149.96,151.3 1 0
project-management-platform/internal/repository/mocks/UserRepository.go:152.2,152.87 1 0
project-management-platform/internal/repository/mocks/UserRepository.go:152.87,154.3 1 0
project-management-platform/internal/repository/mocks/UserRepository.go:154.8,155.24 1 0
project-management-platform/internal/repository/mocks/UserRepository.go:155.24,157.4 1 0
project-management-platform/internal/repository/mocks/UserRepository.go:160.2,160.80 1 0
project-management-platform/internal/repository/mocks/UserRepository.go:160.80,162.3 1 0
project-management-platform/internal/repository/mocks/UserRepository.go:162.8,164.3 1 0
project-management-platform/internal/repository/mocks/UserRepository.go:166.2,166.15 1 0
project-management-platform/internal/repository/mocks/UserRepository.go:170.122,173.19 2 0
project-management-platform/internal/repository/mocks/UserRepository.go:173.19,174.46 1 0
project-management-platform/internal/repository/mocks/UserRepository.go:177.2,179.105 3 0
project-management-platform/internal/repository/mocks/UserRepository.go:179.105,181.3 1 0
project-management-platform/internal/repository/mocks/UserRepository.go:182.2,182.96 1 0
project-management-platform/internal/repository/mocks/UserRepository.go:182.96,184.3 1 0
project-management-platform/internal/repository/mocks/UserRepository.go:184.8,185.24 1 0
project-management-platform/internal/repository/mocks/UserRepository.go:185.24,187.4 1 0
project-management-platform/internal/repository/mocks/UserRepository.go:190.2,190.87 1 0
project-management-platform/internal/repository/mocks/UserRepository.go:190.87,192.3 1 0
project-management-platform/internal/repository/mocks/UserRepository.go:192.8,194.3 1 0
project-management-platform/internal/repository/mocks/UserRepository.go:196.2,196.15 1 0
project-management-platform/internal/repository/mocks/UserRepository.go:200.94,203.19 2 0
project-management-platform/internal/repository/mocks/UserRepository.go:203.19,204.58 1 0
project-management-platform/internal/repository/mocks/UserRepository.go:207.2,208.80 2 0
project-management-platform/internal/repository/mocks/UserRepository.go:208.80,210.3 1 0
project-management-platform/internal/repository/mocks/UserRepository.go:210.8,212.3 1 0
project-management-platform/internal/repository/mocks/UserRepository.go:214.2,214.11 1 0
project-management-platform/internal/repository/mocks/UserRepository.go:218.127,221.19 2 0
project-management-platform/internal/repository/mocks/UserRepository.go:221.19,222.48 1 0
project-management-platform/internal/repository/mocks/UserRepository.go:225.2,227.116 3 0
project-management-platform/internal/repository/mocks/UserRepository.go:227.116,229.3 1 0
project-management-platform/internal/repository/mocks/UserRepository.go:230.2,230.107 1 0
project-management-platform/internal/repository/mocks/UserRepository.go:230.107,232.3 1 0
project-management-platform/internal/repository/mocks/UserRepository.go:232.8,233.24 1 0
project-management-platform/internal/repository/mocks/UserRepository.go:233.24,235.4 1 0
project-management-platform/internal/repository/mocks/UserRepository.go:238.2,238.93 1 0
project-management-platform/internal/repository/mocks/UserRepository.go:238.93,240.3 1 0
project-management-platform/internal/repository/mocks/UserRepository.go:240.8,242.3 1 0
project-management-platform/internal/repository/mocks/UserRepository.go:244.2,244.15 1 0
project-management-platform/internal/repository/mocks/UserRepository.go:248.93,251.19 2 0
project-management-platform/internal/repository/mocks/UserRepository.go:251.19,252.57 1 0
project-management-platform/internal/repository/mocks/UserRepository.go:255.2,256.80 2 0
project-management-platform/internal/repository/mocks/UserRepository.go:256.80,258.3 1 0
project-management-platform/internal/repository/mocks/UserRepository.go:258.8,260.3 1 0
project-management-platform/internal/repository/mocks/UserRepository.go:262.2,262.11 1 0
project-management-platform/internal/repository/mocks/UserRepository.go:270.20,274.19 3 0
project-management-platform/internal/repository/mocks/UserRepository.go:274.19,274.49 1 0
project-management-platform/internal/repository/mocks/UserRepository.go:276.2,276.13 1 0
project-management-platform/internal/repository/mocks/WorkspaceRepository.go:22.141,25.19 2 0
project-management-platform/internal/repository/mocks/WorkspaceRepository.go:25.19,26.51 1 0
project-management-platform/internal/repository/mocks/WorkspaceRepository.go:29.2,30.108 2 0
project-management-platform/internal/repository/mocks/WorkspaceRepository.go:30.108,32.3 1 0
project-management-platform/internal/repository/mocks/WorkspaceRepository.go:32.8,34.3 1 0
project-management-platform/internal/repository/mocks/WorkspaceRepository.go:36.2,36.11 1 0
project-management-platform/internal/repository/mocks/WorkspaceRepository.go:40.94,43.19 2 0
project-management-platform/internal/repository/mocks/WorkspaceRepository.go:43.19,44.47 1 0
project-management-platform/internal/repository/mocks/WorkspaceRepository.go:47.2,49.82 3 0
project-management-platform/internal/repository/mocks/WorkspaceRepository.go:49.82,51.3 1 0
project-management-platform/internal/repository/mocks/WorkspaceRepository.go:52.2,52.73 1 0
project-management-platform/internal/repository/mocks/WorkspaceRepository.go:52.73,54.3 1 0
project-management-platform/internal/repository/mocks/WorkspaceRepository.go:54.8,56.3 1 0
project-management-platform/internal/repository/mocks/WorkspaceRepository.go:58.2,58.73 1 0
project-management-platform/internal/repository/mocks/WorkspaceRepository.go:58.73,60.3 1 0
project-management-platform/internal/repository/mocks/WorkspaceRepository.go:60.8,62.3 1 0
project-management-platform/internal/repository/mocks/WorkspaceRepository.go:64.2,64.15 1 0
project-management-platform/internal/repository/mocks/WorkspaceRepository.go:68.121,71.19 2 0
project-management-platform/internal/repository/mocks/WorkspaceRepository.go:71.19,72.48 1 0
project-management-platform/internal/repository/mocks/WorkspaceRepository.go:75.2,77.105 3 0
project-management-platform/internal/repository/mocks/WorkspaceRepository.go:77.105,79.3 1 0
project-management-platform/internal/repository/mocks/WorkspaceRepository.go:80.2,80.96 1 0
project-management-platform/internal/repository/mocks/WorkspaceRepository.go:80.96,82.3 1 0
project-management-platform/internal/repository/mocks/WorkspaceRepository.go:82.8,83.24 1 0
project-management-platform/internal/repository/mocks/WorkspaceRepository.go:83.24,85.4 1 0
project-management-platform/internal/repository/mocks/WorkspaceRepository.go:88.2,88.79 1 0
project-management-platform/internal/repository/mocks/WorkspaceRepository.go:88.79,90.3 1 0
project-management-platform/internal/repository/mocks/WorkspaceRepository.go:90.8,92.3 1 0
project-management-platform/internal/repository/mocks/WorkspaceRepository.go:94.2,94.15 1 0
project-management-platform/internal/repository/mocks/WorkspaceRepository.go:98.112,101.19 2 0
project-management-platform/internal/repository/mocks/WorkspaceRepository.go:101.19,102.48 1 0
project-management-platform/internal/repository/mocks/WorkspaceRepository.go:105.2,107.103 3 0
project-management-platform/internal/repository/mocks/WorkspaceRepository.go:107.103,109.3 1 0
project-management-platform/internal/repository/mocks/WorkspaceRepository.go:110.2,110.94 1 0
project-management-platform/internal/repository/mocks/WorkspaceRepository.go:110.94,112.3 1 0
project-management-platform/internal/repository/mocks/WorkspaceRepository.go:112.8,113.24 1 0
project-management-platform/internal/repository/mocks/WorkspaceRepository.go:113.24,115.4 1 0
project-management-platform/internal/repository/mocks/WorkspaceRepository.go:118.2,118.80 1 0
project-management-platform/internal/repository/mocks/WorkspaceRepository.go:118.80,120.3 1 0
project-management-platform/internal/repository/mocks/WorkspaceRepository.go:120.8,122.3 1 0
project-management-platform/internal/repository/mocks/WorkspaceRepository.go:124.2,124.15 1 0
project-management-platform/internal/repository/mocks/WorkspaceRepository.go:128.111,131.19 2 0
project-management-platform/internal/repository/mocks/WorkspaceRepository.go:131.19,132.49 1 0
project-management-platform/internal/repository/mocks/WorkspaceRepository.go:135.2,137.101 3 0
project-management-platform/internal/repository/mocks/WorkspaceRepository.go:137.101,139.3 1 0
project-management-platform/internal/repository/mocks/WorkspaceRepository.go:140.2,140.92 1 0
project-management-platform/internal/repository/mocks/WorkspaceRepository.go:140.92,142.3 1 0
project-management-platform/internal/repository/mocks/WorkspaceRepository.go:142.8,143.24 1 0
project-management-platform/internal/repository/mocks/WorkspaceRepository.go:143.24,145.4 1 0
project-management-platform/internal/repository/mocks/WorkspaceRepository.go:148.2,148.80 1 0
project-management-platform/internal/repository/mocks/WorkspaceRepository.go:148.80,150.3 1 0
project-management-platform/internal/repository/mocks/WorkspaceRepository.go:150.8,152.3 1 0
project-management-platform/internal/repository/mocks/WorkspaceRepository.go:154.2,154.15 1 0
project-management-platform/internal/repository/mocks/WorkspaceRepository.go:158.121,161.19 2 0
project-management-platform/internal/repository/mocks/WorkspaceRepository.go:161.19,162.53 1 0
project-management-platform/internal/repository/mocks/WorkspaceRepository.go:165.2,167.103 3 0
project-management-platform/internal/repository/mocks/WorkspaceRepository.go:167.103,169.3 1 0
project-management-platform/internal/repository/mocks/WorkspaceRepository.go:170.2,170.94 1 0
project-management-platform/internal/repository/mocks/WorkspaceRepository.go:170.94,172.3 1 0
project-management-platform/internal/repository/mocks/WorkspaceRepository.go:172.8,173.24 1 0
project-management-platform/internal/repository/mocks/WorkspaceRepository.go:173.24,175.4 1 0
project-management-platform/internal/repository/mocks/WorkspaceRepository.go:178.2,178.80 1 0
project-management-platform/internal/repository/mocks/WorkspaceRepository.go:178.80,180.3 1 0
project-management-platform/internal/repository/mocks/WorkspaceRepository.go:180.8,182.3 1 0
project-management-platform/internal/repository/mocks/WorkspaceRepository.go:184.2,184.15 1 0
project-management-platform/internal/repository/mocks/WorkspaceRepository.go:188.130,191.19 2 0
project-management-platform/internal/repository/mocks/WorkspaceRepository.go:191.19,192.52 1 0
project-management-platform/internal/repository/mocks/WorkspaceRepository.go:195.2,197.108 3 0
project-management-platform/internal/repository/mocks/WorkspaceRepository.go:197.108,199.3 1 0
project-management-platform/internal/repository/mocks/WorkspaceRepository.go:200.2,200.99 1 0
project-management-platform/internal/repository/mocks/WorkspaceRepository.go:200.99,202.3 1 0
project-management-platform/internal/repository/mocks/WorkspaceRepository.go:202.8,203.24 1 0
project-management-platform/internal/repository/mocks/WorkspaceRepository.go:203.24,205.4 1 0
project-management-platform/internal/repository/mocks/WorkspaceRepository.go:208.2,208.80 1 0
project-management-platform/internal/repository/mocks/WorkspaceRepository.go:208.80,210.3 1 0
project-management-platform/internal/repository/mocks/WorkspaceRepository.go:210.8,212.3 1 0
project-management-platform/internal/repository/mocks/WorkspaceRepository.go:214.2,214.15 1 0
project-management-platform/internal/repository/mocks/WorkspaceRepository.go:218.132,221.19 2 0
project-management-platform/internal/repository/mocks/WorkspaceRepository.go:221.19,222.46 1 0
project-management-platform/internal/repository/mocks/WorkspaceRepository.go:225.2,227.110 3 0
project-management-platform/internal/repository/mocks/WorkspaceRepository.go:227.110,229.3 1 0
project-management-platform/internal/repository/mocks/WorkspaceRepository.go:230.2,230.101 1 0
project-management-platform/internal/repository/mocks/WorkspaceRepository.go:230.101,232.3 1 0
project-management-platform/internal/repository/mocks/WorkspaceRepository.go:232.8,233.24 1 0
project-management-platform/internal/repository/mocks/WorkspaceRepository.go:233.24,235.4 1 0
project-management-platform/internal/repository/mocks/WorkspaceRepository.go:238.2,238.87 1 0
project-management-platform/internal/repository/mocks/WorkspaceRepository.go:238.87,240.3 1 0
project-management-platform/internal/repository/mocks/WorkspaceRepository.go:240.8,242.3 1 0
project-management-platform/internal/repository/mocks/WorkspaceRepository.go:244.2,244.15 1 0
project-management-platform/internal/repository/mocks/WorkspaceRepository.go:248.131,251.19 2 0
project-management-platform/internal/repository/mocks/WorkspaceRepository.go:251.19,252.54 1 0
project-management-platform/internal/repository/mocks/WorkspaceRepository.go:255.2,256.100 2 0
project-management-platform/internal/repository/mocks/WorkspaceRepository.go:256.100,258.3 1 0
project-management-platform/internal/repository/mocks/WorkspaceRepository.go:258.8,260.3 1 0
project-management-platform/internal/repository/mocks/WorkspaceRepository.go:262.2,262.11 1 0
project-management-platform/internal/repository/mocks/WorkspaceRepository.go:266.132,269.19 2 0
project-management-platform/internal/repository/mocks/WorkspaceRepository.go:269.19,270.48 1 0
project-management-platform/internal/repository/mocks/WorkspaceRepository.go:273.2,275.116 3 0
project-management-platform/internal/repository/mocks/WorkspaceRepository.go:275.116,277.3 1 0
project-management-platform/internal/repository/mocks/WorkspaceRepository.go:278.2,278.107 1 0
project-management-platform/internal/repository/mocks/WorkspaceRepository.go:278.107,280.3 1 0
project-management-platform/internal/repository/mocks/WorkspaceRepository.go:280.8,281.24 1 0
project-management-platform/internal/repository/mocks/WorkspaceRepository.go:281.24,283.4 1 0
project-management-platform/internal/repository/mocks/WorkspaceRepository.go:286.2,286.93 1 0
project-management-platform/internal/repository/mocks/WorkspaceRepository.go:286.93,288.3 1 0
project-management-platform/internal/repository/mocks/WorkspaceRepository.go:288.8,290.3 1 0
project-management-platform/internal/repository/mocks/WorkspaceRepository.go:292.2,292.15 1 0
project-management-platform/internal/repository/mocks/WorkspaceRepository.go:296.148,299.19 2 0
project-management-platform/internal/repository/mocks/WorkspaceRepository.go:299.19,300.58 1 0
project-management-platform/internal/repository/mocks/WorkspaceRepository.go:303.2,304.108 2 0
project-management-platform/internal/repository/mocks/WorkspaceRepository.go:304.108,306.3 1 0
project-management-platform/internal/repository/mocks/WorkspaceRepository.go:306.8,308.3 1 0
project-management-platform/internal/repository/mocks/WorkspaceRepository.go:310.2,310.11 1 0
project-management-platform/internal/repository/mocks/WorkspaceRepository.go:318.25,322.19 3 0
project-management-platform/internal/repository/mocks/WorkspaceRepository.go:322.19,322.49 1 0
project-management-platform/internal/repository/mocks/WorkspaceRepository.go:324.2,324.13 1 0
project-management-platform/internal/auth/jwt.go:35.97,42.2 1 1
project-management-platform/internal/auth/jwt.go:45.105,61.2 3 1
project-management-platform/internal/auth/jwt.go:64.100,79.2 3 1
project-management-platform/internal/auth/jwt.go:82.133,84.16 2 1
project-management-platform/internal/auth/jwt.go:84.16,86.3 1 0
project-management-platform/internal/auth/jwt.go:88.2,89.16 2 1
project-management-platform/internal/auth/jwt.go:89.16,91.3 1 0
project-management-platform/internal/auth/jwt.go:93.2,93.39 1 1
project-management-platform/internal/auth/jwt.go:97.73,99.39 1 1
project-management-platform/internal/auth/jwt.go:99.39,101.3 1 1
project-management-platform/internal/auth/jwt.go:103.2,103.104 1 1
project-management-platform/internal/auth/jwt.go:103.104,105.58 1 1
project-management-platform/internal/auth/jwt.go:105.58,107.4 1 0
project-management-platform/internal/auth/jwt.go:108.3,108.26 1 1
project-management-platform/internal/auth/jwt.go:111.2,111.16 1 1
project-management-platform/internal/auth/jwt.go:111.16,112.42 1 1
project-management-platform/internal/auth/jwt.go:112.42,114.4 1 1
project-management-platform/internal/auth/jwt.go:115.3,115.30 1 1
project-management-platform/internal/auth/jwt.go:118.2,119.25 2 1
project-management-platform/internal/auth/jwt.go:119.25,121.3 1 0
project-management-platform/internal/auth/jwt.go:123.2,123.20 1 1
project-management-platform/internal/auth/jwt.go:127.84,129.16 2 1
project-management-platform/internal/auth/jwt.go:129.16,131.3 1 0
project-management-platform/internal/auth/jwt.go:134.2,134.35 1 1
project-management-platform/internal/auth/jwt.go:134.35,136.3 1 1
project-management-platform/internal/auth/jwt.go:139.2,139.72 1 1
project-management-platform/internal/auth/jwt.go:143.63,145.16 2 1
project-management-platform/internal/auth/jwt.go:145.16,149.3 2 0
project-management-platform/internal/auth/jwt.go:152.2,155.12 3 1
project-management-platform/internal/auth/jwt.go:159.66,161.13 2 1
project-management-platform/internal/auth/jwt.go:161.13,163.3 1 1
project-management-platform/internal/auth/jwt.go:166.2,166.38 1 1
project-management-platform/internal/auth/jwt.go:166.38,169.3 2 0
project-management-platform/internal/auth/jwt.go:171.2,171.13 1 1
project-management-platform/internal/auth/jwt.go:175.56,177.53 2 1
project-management-platform/internal/auth/jwt.go:177.53,178.28 1 1
project-management-platform/internal/auth/jwt.go:178.28,180.4 1 1
project-management-platform/internal/auth/jwt.go:185.55,187.91 2 1
project-management-platform/internal/auth/jwt.go:187.91,189.3 1 1
project-management-platform/internal/auth/jwt.go:190.2,190.11 1 1
project-management-platform/internal/auth/middleware.go:27.64,31.2 1 1
project-management-platform/internal/auth/middleware.go:34.57,35.30 1 1
project-management-platform/internal/auth/middleware.go:35.30,37.18 2 1
project-management-platform/internal/auth/middleware.go:37.18,47.4 3 1
project-management-platform/internal/auth/middleware.go:49.3,50.17 2 1
project-management-platform/internal/auth/middleware.go:50.17,55.15 4 1
project-management-platform/internal/auth/middleware.go:56.25,59.49 3 1
project-management-platform/internal/auth/middleware.go:60.41,63.45 3 1
project-management-platform/internal/auth/middleware.go:64.12,67.37 3 0
project-management-platform/internal/auth/middleware.go:70.4,78.10 3 1
project-management-platform/internal/auth/middleware.go:82.3,82.35 1 1
project-management-platform/internal/auth/middleware.go:82.35,92.4 3 1
project-management-platform/internal/auth/middleware.go:95.3,102.11 3 1
project-management-platform/internal/auth/middleware.go:107.76,108.30 1 1
project-management-platform/internal/auth/middleware.go:108.30,110.18 2 1
project-management-platform/internal/auth/middleware.go:110.18,120.4 3 0
project-management-platform/internal/auth/middleware.go:122.3,122.32 1 1
project-management-platform/internal/auth/middleware.go:122.32,132.4 3 1
project-management-platform/internal/auth/middleware.go:134.3,134.11 1 1
project-management-platform/internal/auth/middleware.go:139.75,140.30 1 1
project-management-platform/internal/auth/middleware.go:140.30,142.18 2 1
project-management-platform/internal/auth/middleware.go:142.18,152.4 3 0
project-management-platform/internal/auth/middleware.go:154.3,155.30 2 1
project-management-platform/internal/auth/middleware.go:155.30,156.25 1 1
project-management-platform/internal/auth/middleware.go:156.25,158.10 2 1
project-management-platform/internal/auth/middleware.go:162.3,162.15 1 1
project-management-platform/internal/auth/middleware.go:162.15,172.4 3 1
project-management-platform/internal/auth/middleware.go:174.3,174.11 1 1
project-management-platform/internal/auth/middleware.go:179.58,180.30 1 1
project-management-platform/internal/auth/middleware.go:180.30,182.18 2 1
project-management-platform/internal/auth/middleware.go:182.18,185.4 2 1
project-management-platform/internal/auth/middleware.go:187.3,188.17 2 1
project-management-platform/internal/auth/middleware.go:188.17,192.4 2 1
project-management-platform/internal/auth/middleware.go:195.3,195.35 1 1
project-management-platform/internal/auth/middleware.go:195.35,198.4 2 0
project-management-platform/internal/auth/middleware.go:201.3,208.11 3 1
project-management-platform/internal/auth/middleware.go:213.83,214.51 1 1
project-management-platform/internal/auth/middleware.go:214.51,215.61 1 1
project-management-platform/internal/auth/middleware.go:215.61,217.4 1 1
project-management-platform/internal/auth/middleware.go:219.2,219.12 1 1
project-management-platform/internal/auth/middleware.go:223.80,225.17 2 1
project-management-platform/internal/auth/middleware.go:225.17,227.3 1 1
project-management-platform/internal/auth/middleware.go:228.2,228.37 1 0
project-management-platform/internal/auth/middleware.go:232.71,234.17 2 1
project-management-platform/internal/auth/middleware.go:234.17,236.3 1 1
project-management-platform/internal/auth/middleware.go:237.2,237.18 1 0
project-management-platform/internal/auth/middleware.go:241.70,243.17 2 1
project-management-platform/internal/auth/middleware.go:243.17,245.3 1 1
project-management-platform/internal/auth/middleware.go:246.2,246.18 1 0
project-management-platform/internal/auth/middleware.go:250.63,253.22 2 1
project-management-platform/internal/auth/middleware.go:253.22,255.18 2 1
project-management-platform/internal/auth/middleware.go:255.18,257.4 1 1
project-management-platform/internal/auth/middleware.go:261.2,262.17 2 1
project-management-platform/internal/auth/middleware.go:262.17,264.3 1 1
project-management-platform/internal/auth/middleware.go:267.2,268.32 2 1
project-management-platform/internal/auth/middleware.go:268.32,270.3 1 0
project-management-platform/internal/auth/middleware.go:272.2,272.11 1 1
project-management-platform/internal/auth/middleware.go:276.84,278.2 1 1
project-management-platform/internal/auth/middleware.go:281.70,284.2 2 1
project-management-platform/internal/auth/middleware.go:287.39,288.30 1 1
project-management-platform/internal/auth/middleware.go:288.30,294.36 5 1
project-management-platform/internal/auth/middleware.go:294.36,297.4 2 1
project-management-platform/internal/auth/middleware.go:299.3,299.11 1 1
project-management-platform/internal/auth/middleware.go:304.40,305.30 1 1
project-management-platform/internal/auth/middleware.go:305.30,312.3 6 1
project-management-platform/internal/auth/middleware.go:330.66,336.2 1 0
project-management-platform/internal/auth/middleware.go:339.62,340.30 1 0
project-management-platform/internal/auth/middleware.go:340.30,345.17 3 0
project-management-platform/internal/auth/middleware.go:345.17,349.4 2 0
project-management-platform/internal/auth/middleware.go:351.3,352.10 2 0
project-management-platform/internal/auth/middleware.go:352.10,355.4 2 0
project-management-platform/internal/auth/middleware.go:358.3,358.51 1 0
project-management-platform/internal/auth/middleware.go:358.51,360.37 2 0
project-management-platform/internal/auth/middleware.go:360.37,361.38 1 0
project-management-platform/internal/auth/middleware.go:361.38,363.6 1 0
project-management-platform/internal/auth/middleware.go:365.4,365.36 1 0
project-management-platform/internal/auth/middleware.go:369.3,370.34 2 0
project-management-platform/internal/auth/middleware.go:370.34,384.4 6 0
project-management-platform/internal/auth/middleware.go:387.3,395.11 6 0
project-management-platform/internal/auth/middleware.go:400.44,401.30 1 1
project-management-platform/internal/auth/middleware.go:401.30,403.22 2 1
project-management-platform/internal/auth/middleware.go:403.22,406.4 1 1
project-management-platform/internal/auth/middleware.go:408.3,410.11 3 1
project-management-platform/internal/auth/password.go:35.42,39.2 1 1
project-management-platform/internal/auth/password.go:42.58,46.2 1 1
project-management-platform/internal/auth/password.go:49.73,50.62 1 1
project-management-platform/internal/auth/password.go:50.62,52.3 1 1
project-management-platform/internal/auth/password.go:54.2,55.16 2 1
project-management-platform/internal/auth/password.go:55.16,57.3 1 0
project-management-platform/internal/auth/password.go:59.2,59.33 1 1
project-management-platform/internal/auth/password.go:63.81,65.16 2 1
project-management-platform/internal/auth/password.go:65.16,66.58 1 1
project-management-platform/internal/auth/password.go:66.58,68.4 1 1
project-management-platform/internal/auth/password.go:69.3,69.13 1 1
project-management-platform/internal/auth/password.go:71.2,71.12 1 1
project-management-platform/internal/auth/password.go:75.75,77.39 1 1
project-management-platform/internal/auth/password.go:77.39,79.3 1 1
project-management-platform/internal/auth/password.go:81.2,81.39 1 1
project-management-platform/internal/auth/password.go:81.39,83.3 1 1
project-management-platform/internal/auth/password.go:86.2,93.32 2 1
project-management-platform/internal/auth/password.go:93.32,94.10 1 1
project-management-platform/internal/auth/password.go:95.30,96.19 1 1
project-management-platform/internal/auth/password.go:97.30,98.19 1 1
project-management-platform/internal/auth/password.go:99.31,100.20 1 1
project-management-platform/internal/auth/password.go:101.56,102.21 1 1
project-management-platform/internal/auth/password.go:106.2,106.57 1 1
project-management-platform/internal/auth/password.go:106.57,108.3 1 1
project-management-platform/internal/auth/password.go:111.2,111.35 1 1
project-management-platform/internal/auth/password.go:111.35,113.3 1 0
project-management-platform/internal/auth/password.go:115.2,115.12 1 1
project-management-platform/internal/auth/password.go:119.66,132.41 3 1
project-management-platform/internal/auth/password.go:132.41,133.30 1 1
project-management-platform/internal/auth/password.go:133.30,135.4 1 1
project-management-platform/internal/auth/password.go:138.2,138.14 1 1
project-management-platform/internal/auth/password.go:142.52,143.20 1 1
project-management-platform/internal/auth/password.go:143.20,145.3 1 1
project-management-platform/internal/auth/password.go:147.2,147.39 1 1
project-management-platform/internal/auth/password.go:147.39,149.3 1 1
project-management-platform/internal/auth/password.go:151.2,151.39 1 1
project-management-platform/internal/auth/password.go:151.39,153.3 1 1
project-management-platform/internal/auth/password.go:156.2,156.40 1 1
project-management-platform/internal/auth/password.go:156.40,158.3 1 1
project-management-platform/internal/auth/password.go:160.2,160.12 1 1
project-management-platform/internal/auth/password.go:164.44,166.2 1 1
project-management-platform/internal/auth/password.go:169.63,180.32 2 1
project-management-platform/internal/auth/password.go:180.32,181.10 1 1
project-management-platform/internal/auth/password.go:182.30,183.38 1 1
project-management-platform/internal/auth/password.go:184.30,185.38 1 1
project-management-platform/internal/auth/password.go:186.31,187.35 1 1
project-management-platform/internal/auth/password.go:188.56,189.36 1 1
project-management-platform/internal/auth/password.go:194.2,197.19 3 1
project-management-platform/internal/auth/password.go:201.45,203.35 2 1
project-management-platform/internal/auth/password.go:203.35,204.13 1 1
project-management-platform/internal/auth/password.go:204.13,206.4 1 1
project-management-platform/internal/auth/password.go:208.2,208.13 1 1
project-management-platform/internal/auth/password.go:212.47,216.2 2 1
